gyro_1_x,gyro_1_y,gyro_1_z,accel_1_x,accel_1_y,accel_1_z,magnet_1_x,magnet_1_y,magnet_1_z,gyro_2_x,gyro_2_y,gyro_2_z,accel_2_x,accel_2_y,accel_2_z,magnet_2_x,magnet_2_y,magnet_2_z,gyro_3_x,gyro_3_y,gyro_3_z,accel_3_x,accel_3_y,accel_3_z,magnet_3_x,magnet_3_y,magnet_3_z
gx1,gy1,gz1,ax1,ay1,az1,0,0,0,gx2,gy2,gz2,ax2,ay2,az2,0,0,0,0,0,0,0,0,0,0,0,0
-146,-5,-231,344,656,16048,0,0,0,5600,-265,51,972,248,16320,0,0,0,0,0,0,0,0,0,0,0,0
-112,-6,-221,344,672,16052,0,0,0,5559,-249,42,1032,348,16388,0,0,0,0,0,0,0,0,0,0,0,0
-129,-1,-226,340,540,16096,0,0,0,5591,-251,60,1096,300,16356,0,0,0,0,0,0,0,0,0,0,0,0
-132,10,-215,316,584,16176,0,0,0,5599,-247,37,1012,268,16344,0,0,0,0,0,0,0,0,0,0,0,0
-113,18,-224,272,572,16064,0,0,0,5597,-257,43,1024,240,16584,0,0,0,0,0,0,0,0,0,0,0,0
-119,14,-222,412,576,15968,0,0,0,5600,-234,63,1048,324,16248,0,0,0,0,0,0,0,0,0,0,0,0
-115,13,-208,304,576,16072,0,0,0,5596,-241,40,1064,296,16364,0,0,0,0,0,0,0,0,0,0,0,0
-123,-10,-242,308,608,16140,0,0,0,5590,-239,50,940,176,16360,0,0,0,0,0,0,0,0,0,0,0,0
-143,10,-222,280,604,16108,0,0,0,5596,-246,52,1068,352,16424,0,0,0,0,0,0,0,0,0,0,0,0
-137,8,-260,288,704,16056,0,0,0,5627,-249,37,1016,268,16240,0,0,0,0,0,0,0,0,0,0,0,0
-116,6,-230,296,596,16204,0,0,0,5606,-239,63,1052,256,16340,0,0,0,0,0,0,0,0,0,0,0,0
-116,15,-212,312,552,16064,0,0,0,5595,-256,40,924,280,16436,0,0,0,0,0,0,0,0,0,0,0,0
-128,11,-229,352,604,16140,0,0,0,5604,-265,52,1008,308,16524,0,0,0,0,0,0,0,0,0,0,0,0
-127,2,-229,352,500,16164,0,0,0,5587,-244,52,1044,248,16356,0,0,0,0,0,0,0,0,0,0,0,0
-131,12,-219,336,560,16080,0,0,0,5610,-244,60,992,348,16544,0,0,0,0,0,0,0,0,0,0,0,0
-99,12,-225,348,604,15960,0,0,0,5615,-241,46,1036,368,16296,0,0,0,0,0,0,0,0,0,0,0,0
-109,15,-214,300,524,16156,0,0,0,5592,-273,54,984,228,16364,0,0,0,0,0,0,0,0,0,0,0,0
-108,-1,-219,340,584,16184,0,0,0,5578,-265,51,1024,236,16380,0,0,0,0,0,0,0,0,0,0,0,0
-119,-8,-221,288,484,16088,0,0,0,5607,-273,30,988,252,16320,0,0,0,0,0,0,0,0,0,0,0,0
-136,21,-231,308,444,16024,0,0,0,5584,-241,56,1032,244,16384,0,0,0,0,0,0,0,0,0,0,0,0
-140,3,-209,320,564,16036,0,0,0,5589,-253,43,928,336,16312,0,0,0,0,0,0,0,0,0,0,0,0
-134,11,-221,296,536,16136,0,0,0,5608,-263,70,1008,316,16524,0,0,0,0,0,0,0,0,0,0,0,0
-110,1,-228,328,480,16144,0,0,0,5584,-239,62,1104,392,16236,0,0,0,0,0,0,0,0,0,0,0,0
-131,7,-233,280,520,16228,0,0,0,5607,-249,57,1088,328,16328,0,0,0,0,0,0,0,0,0,0,0,0
-120,13,-221,276,520,16152,0,0,0,5597,-253,37,1024,268,16436,0,0,0,0,0,0,0,0,0,0,0,0
-122,21,-239,336,644,16048,0,0,0,5603,-252,72,1024,268,16548,0,0,0,0,0,0,0,0,0,0,0,0
-123,4,-203,320,564,15960,0,0,0,5621,-239,59,1048,260,16192,0,0,0,0,0,0,0,0,0,0,0,0
-117,-6,-220,216,520,16080,0,0,0,5617,-262,52,1000,280,16404,0,0,0,0,0,0,0,0,0,0,0,0
-137,8,-241,212,604,16064,0,0,0,5623,-239,45,1020,248,16384,0,0,0,0,0,0,0,0,0,0,0,0
-116,-14,-223,260,512,16128,0,0,0,5622,-239,48,968,252,16476,0,0,0,0,0,0,0,0,0,0,0,0
-107,4,-233,324,644,16128,0,0,0,5598,-237,55,984,296,16420,0,0,0,0,0,0,0,0,0,0,0,0
-127,4,-226,308,588,16056,0,0,0,5578,-248,56,988,256,16312,0,0,0,0,0,0,0,0,0,0,0,0
-137,20,-207,292,572,16088,0,0,0,5583,-260,52,1028,348,16344,0,0,0,0,0,0,0,0,0,0,0,0
-123,2,-215,296,544,16012,0,0,0,5600,-266,54,928,300,16308,0,0,0,0,0,0,0,0,0,0,0,0
-132,15,-228,368,588,15972,0,0,0,5616,-252,50,1020,244,16468,0,0,0,0,0,0,0,0,0,0,0,0
-145,4,-233,256,596,16132,0,0,0,5580,-237,56,1044,356,16388,0,0,0,0,0,0,0,0,0,0,0,0
-139,-26,-220,272,560,16040,0,0,0,5605,-265,62,984,272,16260,0,0,0,0,0,0,0,0,0,0,0,0
-110,2,-229,312,656,16084,0,0,0,5616,-255,52,1024,208,16432,0,0,0,0,0,0,0,0,0,0,0,0
-130,23,-234,256,580,16128,0,0,0,5606,-237,54,1036,312,16448,0,0,0,0,0,0,0,0,0,0,0,0
-132,15,-234,304,488,15964,0,0,0,5621,-245,46,1036,296,16452,0,0,0,0,0,0,0,0,0,0,0,0
-131,-9,-223,324,556,15980,0,0,0,5602,-266,60,1012,276,16388,0,0,0,0,0,0,0,0,0,0,0,0
-112,-66,-231,272,392,15332,0,0,0,5628,-303,59,908,112,15532,0,0,0,0,0,0,0,0,0,0,0,0
-128,22,-219,280,672,15940,0,0,0,5628,-249,47,956,344,16280,0,0,0,0,0,0,0,0,0,0,0,0
-132,31,-235,268,620,16136,0,0,0,5597,-235,56,1048,344,16508,0,0,0,0,0,0,0,0,0,0,0,0
-123,-23,-206,284,608,16224,0,0,0,5577,-271,56,1040,252,16396,0,0,0,0,0,0,0,0,0,0,0,0
-138,21,-215,380,540,16100,0,0,0,5594,-238,33,1024,220,16456,0,0,0,0,0,0,0,0,0,0,0,0
-129,-19,-231,324,604,16016,0,0,0,5594,-247,36,1000,320,16376,0,0,0,0,0,0,0,0,0,0,0,0
-150,-61,-236,260,560,16340,0,0,0,5564,-299,55,1112,212,16640,0,0,0,0,0,0,0,0,0,0,0,0
-134,27,-252,356,528,16200,0,0,0,5618,-214,46,992,280,16340,0,0,0,0,0,0,0,0,0,0,0,0
-121,20,-226,232,532,15992,0,0,0,5600,-262,56,1004,260,16304,0,0,0,0,0,0,0,0,0,0,0,0
-99,5,-227,328,544,16116,0,0,0,5596,-263,46,1048,356,16320,0,0,0,0,0,0,0,0,0,0,0,0
-127,13,-223,272,396,16108,0,0,0,5609,-246,51,1004,292,16308,0,0,0,0,0,0,0,0,0,0,0,0
-124,17,-222,272,588,16116,0,0,0,5604,-218,36,1004,300,16344,0,0,0,0,0,0,0,0,0,0,0,0
-115,39,-225,240,620,15992,0,0,0,5569,-228,41,1068,308,16284,0,0,0,0,0,0,0,0,0,0,0,0
-114,29,-222,320,544,16080,0,0,0,5596,-215,46,1080,288,16320,0,0,0,0,0,0,0,0,0,0,0,0
-122,-3,-240,232,488,16080,0,0,0,5582,-264,43,940,252,16464,0,0,0,0,0,0,0,0,0,0,0,0
-118,-4,-242,248,572,16168,0,0,0,5589,-278,39,936,380,16416,0,0,0,0,0,0,0,0,0,0,0,0
-149,-46,-227,304,584,16104,0,0,0,5620,-277,58,1064,256,16368,0,0,0,0,0,0,0,0,0,0,0,0
-118,-3,-220,212,552,16236,0,0,0,5600,-263,74,1004,328,16540,0,0,0,0,0,0,0,0,0,0,0,0
-127,6,-241,304,668,15944,0,0,0,5620,-223,53,1044,192,16344,0,0,0,0,0,0,0,0,0,0,0,0
-126,58,-359,-100,392,16024,0,0,0,5594,-201,-123,420,232,16448,0,0,0,0,0,0,0,0,0,0,0,0
-113,54,-212,284,576,16136,0,0,0,5601,-198,42,924,328,16400,0,0,0,0,0,0,0,0,0,0,0,0
-124,-39,-242,200,524,15988,0,0,0,5582,-315,40,1008,272,16352,0,0,0,0,0,0,0,0,0,0,0,0
-104,12,-575,548,520,16084,0,0,0,5589,-263,-261,1496,360,16340,0,0,0,0,0,0,0,0,0,0,0,0
-128,58,-221,256,568,16120,0,0,0,5609,-217,51,1032,320,16392,0,0,0,0,0,0,0,0,0,0,0,0
-95,123,-213,324,660,16092,0,0,0,5620,-133,57,1060,300,16308,0,0,0,0,0,0,0,0,0,0,0,0
-20,340,-235,276,544,15908,0,0,0,5709,106,60,996,268,16344,0,0,0,0,0,0,0,0,0,0,0,0
145,1194,-667,268,544,16028,0,0,0,5881,993,-369,904,268,16316,0,0,0,0,0,0,0,0,0,0,0,0
5,1047,-441,136,560,16088,0,0,0,5708,863,-135,932,312,16516,0,0,0,0,0,0,0,0,0,0,0,0
102,2992,-551,-172,584,16112,0,0,0,5860,2870,-232,572,404,16376,0,0,0,0,0,0,0,0,0,0,0,0
-139,5121,-480,-636,688,16116,0,0,0,5654,5019,-132,120,432,16204,0,0,0,0,0,0,0,0,0,0,0,0
-162,8251,-644,-1700,704,16024,0,0,0,5647,8054,-242,-976,416,16248,0,0,0,0,0,0,0,0,0,0,0,0
-69,8086,-921,-2748,564,15776,0,0,0,5703,8011,-554,-2160,268,16204,0,0,0,0,0,0,0,0,0,0,0,0
-77,6902,-749,-4220,576,15300,0,0,0,5689,6520,-342,-3560,412,15856,0,0,0,0,0,0,0,0,0,0,0,0
39,6321,-883,-4596,584,15204,0,0,0,5757,6266,-512,-4016,384,15884,0,0,0,0,0,0,0,0,0,0,0,0
141,10379,-1132,-5724,632,14864,0,0,0,5961,10321,-682,-5004,364,15492,0,0,0,0,0,0,0,0,0,0,0,0
52,8247,-694,-7232,528,14040,0,0,0,5816,8054,-299,-6648,560,14700,0,0,0,0,0,0,0,0,0,0,0,0
226,10126,-956,-7920,548,13620,0,0,0,6042,10098,-532,-7232,416,14448,0,0,0,0,0,0,0,0,0,0,0,0
280,12510,-962,-9652,428,12492,0,0,0,6122,12499,-500,-9220,412,13180,0,0,0,0,0,0,0,0,0,0,0,0
280,14277,-982,-11116,516,11180,0,0,0,6121,14280,-518,-10552,532,12260,0,0,0,0,0,0,0,0,0,0,0,0
855,16064,-1233,-12824,492,9272,0,0,0,6749,15851,-767,-12396,460,10272,0,0,0,0,0,0,0,0,0,0,0,0
77,11122,-541,-14116,420,7200,0,0,0,5880,11064,-78,-13756,524,8460,0,0,0,0,0,0,0,0,0,0,0,0
-950,7231,132,-14548,784,6224,0,0,0,4891,6994,546,-14220,720,7396,0,0,0,0,0,0,0,0,0,0,0,0
-229,4559,-270,-14812,288,5776,0,0,0,5582,4341,55,-14564,472,6812,0,0,0,0,0,0,0,0,0,0,0,0
-202,4178,-248,-15144,380,4812,0,0,0,5584,4016,95,-14844,572,5856,0,0,0,0,0,0,0,0,0,0,0,0
-513,3969,-155,-15112,432,4524,0,0,0,5264,3780,198,-14832,472,5860,0,0,0,0,0,0,0,0,0,0,0,0
-135,4596,-346,-15348,368,3956,0,0,0,5685,4347,4,-15168,452,4960,0,0,0,0,0,0,0,0,0,0,0,0
-388,3505,-225,-15544,424,3364,0,0,0,5396,3263,112,-15340,356,4536,0,0,0,0,0,0,0,0,0,0,0,0
-685,4353,-167,-15684,268,2556,0,0,0,5125,4098,180,-15456,424,4092,0,0,0,0,0,0,0,0,0,0,0,0
-1852,3156,-12,-15816,520,1936,0,0,0,3926,2854,320,-15736,400,3292,0,0,0,0,0,0,0,0,0,0,0,0
-1018,619,-131,-15920,380,2440,0,0,0,4843,287,145,-15848,236,3436,0,0,0,0,0,0,0,0,0,0,0,0
-119,1734,-261,-15820,324,1480,0,0,0,5605,1474,37,-15740,460,3016,0,0,0,0,0,0,0,0,0,0,0,0
-235,1447,-228,-15744,304,1464,0,0,0,5500,1228,68,-15696,360,2920,0,0,0,0,0,0,0,0,0,0,0,0
-301,2692,-274,-15888,484,1148,0,0,0,5494,2485,91,-15720,448,2664,0,0,0,0,0,0,0,0,0,0,0,0
-243,805,-227,-15976,416,796,0,0,0,5494,469,61,-15912,432,2160,0,0,0,0,0,0,0,0,0,0,0,0
-176,511,-228,-15872,396,756,0,0,0,5578,315,39,-15816,564,2228,0,0,0,0,0,0,0,0,0,0,0,0
-403,1233,-206,-15868,392,228,0,0,0,5363,1059,74,-15660,404,1592,0,0,0,0,0,0,0,0,0,0,0,0
-204,1394,-264,-16000,392,408,0,0,0,5541,1077,31,-15900,536,1988,0,0,0,0,0,0,0,0,0,0,0,0
-342,1843,-236,-16004,604,712,0,0,0,5332,1589,74,-15836,732,2432,0,0,0,0,0,0,0,0,0,0,0,0
-680,1211,-214,-15800,300,-664,0,0,0,5159,1001,87,-15884,356,768,0,0,0,0,0,0,0,0,0,0,0,0
-226,467,-228,-16120,420,192,0,0,0,5463,185,64,-15972,484,1648,0,0,0,0,0,0,0,0,0,0,0,0
-639,-105,-198,-15844,412,-220,0,0,0,5153,-352,103,-15744,524,1052,0,0,0,0,0,0,0,0,0,0,0,0
-134,84,-227,-16000,360,20,0,0,0,5601,-144,50,-15844,472,1404,0,0,0,0,0,0,0,0,0,0,0,0
-118,725,-219,-15872,320,12,0,0,0,5599,492,58,-15748,456,1476,0,0,0,0,0,0,0,0,0,0,0,0
-156,260,-247,-15972,420,-148,0,0,0,5562,-42,46,-15952,448,1412,0,0,0,0,0,0,0,0,0,0,0,0
-131,407,-231,-15960,292,-140,0,0,0,5623,162,77,-15948,452,1300,0,0,0,0,0,0,0,0,0,0,0,0
-150,86,-229,-15968,312,-24,0,0,0,5601,-164,56,-15824,480,1216,0,0,0,0,0,0,0,0,0,0,0,0
-147,-170,-230,-15968,364,-164,0,0,0,5580,-409,44,-15892,532,1228,0,0,0,0,0,0,0,0,0,0,0,0
-148,-143,-209,-15968,460,-164,0,0,0,5596,-391,44,-15820,444,1204,0,0,0,0,0,0,0,0,0,0,0,0
-129,-1003,-195,-16068,272,-208,0,0,0,5609,-1288,40,-15980,532,1256,0,0,0,0,0,0,0,0,0,0,0,0
-144,-2619,-203,-16168,328,-12,0,0,0,5558,-2975,46,-16096,408,1424,0,0,0,0,0,0,0,0,0,0,0,0
-146,-4726,-140,-15936,372,656,0,0,0,5537,-5081,63,-15840,560,2076,0,0,0,0,0,0,0,0,0,0,0,0
-158,-6381,-106,-15948,332,1340,0,0,0,5509,-6744,71,-15788,532,2868,0,0,0,0,0,0,0,0,0,0,0,0
-200,-7178,-79,-15712,408,2440,0,0,0,5468,-7560,103,-15564,520,3752,0,0,0,0,0,0,0,0,0,0,0,0
-162,-9069,-43,-15484,484,3172,0,0,0,5486,-9612,87,-15340,432,4660,0,0,0,0,0,0,0,0,0,0,0,0
-162,-11847,21,-14984,332,4952,0,0,0,5467,-12260,120,-14792,356,6232,0,0,0,0,0,0,0,0,0,0,0,0
-130,-13278,1,-14248,480,6680,0,0,0,5417,-13795,47,-13988,512,7780,0,0,0,0,0,0,0,0,0,0,0,0
-137,-13146,-24,-13156,480,8464,0,0,0,5453,-13573,68,-12760,436,9596,0,0,0,0,0,0,0,0,0,0,0,0
-158,-12644,-32,-12120,420,10012,0,0,0,5467,-13060,66,-11712,420,10984,0,0,0,0,0,0,0,0,0,0,0,0
-162,-12585,-23,-10716,460,11472,0,0,0,5450,-12943,44,-10224,424,12352,0,0,0,0,0,0,0,0,0,0,0,0
67,-7940,-322,-9640,624,12388,0,0,0,5680,-8219,-192,-8996,344,13312,0,0,0,0,0,0,0,0,0,0,0,0
-97,-5864,-170,-8760,532,13108,0,0,0,5551,-6147,27,-8112,404,13988,0,0,0,0,0,0,0,0,0,0,0,0
-77,-5630,-105,-8048,508,13484,0,0,0,5554,-5950,66,-7548,396,14172,0,0,0,0,0,0,0,0,0,0,0,0
-98,-3223,-179,-7512,604,13960,0,0,0,5594,-3541,38,-7028,492,14652,0,0,0,0,0,0,0,0,0,0,0,0
-150,-9219,-35,-6916,600,14192,0,0,0,5471,-9680,116,-6220,492,14876,0,0,0,0,0,0,0,0,0,0,0,0
-143,-7303,-89,-5536,548,14900,0,0,0,5496,-7502,85,-4848,332,15596,0,0,0,0,0,0,0,0,0,0,0,0
-129,-4219,-155,-4964,624,15216,0,0,0,5537,-4460,25,-4240,404,15684,0,0,0,0,0,0,0,0,0,0,0,0
-115,-3388,-172,-4676,540,15128,0,0,0,5554,-3739,76,-3988,428,15664,0,0,0,0,0,0,0,0,0,0,0,0
-119,-5903,-99,-4020,660,15380,0,0,0,5534,-6268,74,-3296,448,15828,0,0,0,0,0,0,0,0,0,0,0,0
-134,-5936,-91,-3092,588,15860,0,0,0,5520,-6250,81,-2376,416,16140,0,0,0,0,0,0,0,0,0,0,0,0
-129,-3486,-166,-2392,692,15944,0,0,0,5567,-3741,41,-1640,364,16316,0,0,0,0,0,0,0,0,0,0,0,0
-130,-4771,-137,-2072,624,15884,0,0,0,5516,-5215,56,-1312,428,16296,0,0,0,0,0,0,0,0,0,0,0,0
-126,-4584,-140,-1152,588,16020,0,0,0,5573,-4871,48,-368,284,16380,0,0,0,0,0,0,0,0,0,0,0,0
-192,-2279,-172,-128,568,16372,0,0,0,5488,-2252,85,588,368,16484,0,0,0,0,0,0,0,0,0,0,0,0
-130,-507,-221,-512,680,16068,0,0,0,5560,-749,45,132,392,16404,0,0,0,0,0,0,0,0,0,0,0,0
-188,-1161,-206,-532,608,16020,0,0,0,5518,-1394,47,120,360,16460,0,0,0,0,0,0,0,0,0,0,0,0
-150,-574,-218,-396,532,15996,0,0,0,5559,-742,54,352,268,16168,0,0,0,0,0,0,0,0,0,0,0,0
-227,-1276,-107,-264,628,16200,0,0,0,5510,-1572,181,576,540,16540,0,0,0,0,0,0,0,0,0,0,0,0
-111,-362,-216,-596,520,17612,0,0,0,5542,-582,65,496,272,15752,0,0,0,0,0,0,0,0,0,0,0,0
-197,-748,105,340,592,16152,0,0,0,5541,-1104,389,932,356,16788,0,0,0,0,0,0,0,0,0,0,0,0
-160,-292,-233,96,648,15972,0,0,0,5563,-557,59,956,312,16292,0,0,0,0,0,0,0,0,0,0,0,0
-134,-42,-244,-44,668,16116,0,0,0,5591,-291,49,828,328,16388,0,0,0,0,0,0,0,0,0,0,0,0
-111,29,-598,-284,636,16064,0,0,0,5588,-255,-338,428,244,16384,0,0,0,0,0,0,0,0,0,0,0,0
-106,0,-592,180,576,16004,0,0,0,5601,-277,-283,956,336,16392,0,0,0,0,0,0,0,0,0,0,0,0
-129,-12,-210,72,704,16156,0,0,0,5589,-263,40,912,316,16372,0,0,0,0,0,0,0,0,0,0,0,0
-147,-2,-227,120,544,15988,0,0,0,5617,-278,49,772,340,16344,0,0,0,0,0,0,0,0,0,0,0,0
-141,-2,-238,92,532,15984,0,0,0,5632,-271,53,700,348,16512,0,0,0,0,0,0,0,0,0,0,0,0
-121,-3,-234,100,532,16120,0,0,0,5623,-265,65,784,400,16304,0,0,0,0,0,0,0,0,0,0,0,0
-123,7,-225,92,560,16100,0,0,0,5600,-288,43,808,164,16452,0,0,0,0,0,0,0,0,0,0,0,0
-136,5,-224,64,580,16096,0,0,0,5589,-246,40,756,280,16580,0,0,0,0,0,0,0,0,0,0,0,0
-131,4,-219,128,456,16236,0,0,0,5599,-253,58,844,340,16408,0,0,0,0,0,0,0,0,0,0,0,0
-111,-10,-228,124,588,16072,0,0,0,5596,-251,39,792,256,16324,0,0,0,0,0,0,0,0,0,0,0,0
-142,15,-253,124,576,15964,0,0,0,5616,-251,53,832,296,16360,0,0,0,0,0,0,0,0,0,0,0,0
-109,11,-234,120,596,15852,0,0,0,5619,-262,54,732,176,16488,0,0,0,0,0,0,0,0,0,0,0,0
-126,3,-238,120,512,16120,0,0,0,5592,-242,55,792,216,16424,0,0,0,0,0,0,0,0,0,0,0,0
-118,-3,-219,4,552,16064,0,0,0,5605,-256,53,768,244,16400,0,0,0,0,0,0,0,0,0,0,0,0
-116,37,-212,12,596,16268,0,0,0,5587,-238,43,724,276,16620,0,0,0,0,0,0,0,0,0,0,0,0
-132,16,-201,44,560,15940,0,0,0,5610,-253,47,852,172,16352,0,0,0,0,0,0,0,0,0,0,0,0
-89,289,-291,-220,644,16100,0,0,0,5635,54,-117,-172,396,16320,0,0,0,0,0,0,0,0,0,0,0,0
-87,25,-1194,552,608,16068,0,0,0,5580,-244,-865,1388,204,16396,0,0,0,0,0,0,0,0,0,0,0,0
-139,-104,-214,128,600,16100,0,0,0,5602,-422,59,700,240,16564,0,0,0,0,0,0,0,0,0,0,0,0
-107,-29,-239,104,480,16096,0,0,0,5608,-265,66,816,324,16440,0,0,0,0,0,0,0,0,0,0,0,0
-131,-53,-235,140,544,16140,0,0,0,5588,-291,46,732,268,16452,0,0,0,0,0,0,0,0,0,0,0,0
-126,-43,-234,60,484,16028,0,0,0,5565,-322,65,800,260,16424,0,0,0,0,0,0,0,0,0,0,0,0
-128,-38,-217,-8,564,16104,0,0,0,5597,-286,48,792,372,16300,0,0,0,0,0,0,0,0,0,0,0,0
-137,-142,-225,108,524,16096,0,0,0,5573,-397,39,876,276,16260,0,0,0,0,0,0,0,0,0,0,0,0
-146,-212,-197,148,432,16080,0,0,0,5568,-510,48,808,224,16320,0,0,0,0,0,0,0,0,0,0,0,0
-146,-101,-235,152,520,16036,0,0,0,5573,-385,59,824,308,16400,0,0,0,0,0,0,0,0,0,0,0,0
-145,-306,-228,204,520,16004,0,0,0,5532,-563,61,1028,320,16564,0,0,0,0,0,0,0,0,0,0,0,0
-174,-456,-233,196,608,16080,0,0,0,5567,-701,71,928,296,16224,0,0,0,0,0,0,0,0,0,0,0,0
-155,-389,-233,172,560,16052,0,0,0,5556,-672,43,964,184,16292,0,0,0,0,0,0,0,0,0,0,0,0
-166,-409,-379,220,548,16084,0,0,0,5552,-701,-115,916,220,16428,0,0,0,0,0,0,0,0,0,0,0,0
-248,-1081,-448,524,572,16032,0,0,0,5460,-1430,-184,1176,176,16656,0,0,0,0,0,0,0,0,0,0,0,0
-257,-888,-360,796,460,15824,0,0,0,5447,-1175,-94,1532,224,16316,0,0,0,0,0,0,0,0,0,0,0,0
-895,-4464,-248,924,452,16268,0,0,0,4766,-4825,-29,1700,92,16664,0,0,0,0,0,0,0,0,0,0,0,0
-893,-4487,-221,1748,304,15980,0,0,0,4808,-4758,-3,2432,68,16208,0,0,0,0,0,0,0,0,0,0,0,0
-695,-1765,-250,1800,256,16404,0,0,0,4998,-2116,6,2560,12,16500,0,0,0,0,0,0,0,0,0,0,0,0
381,236,-593,1008,60,17132,0,0,0,6036,-243,-391,1532,-324,17716,0,0,0,0,0,0,0,0,0,0,0,0
-439,-481,-969,1944,32,15072,0,0,0,5246,-583,-751,2496,-352,15212,0,0,0,0,0,0,0,0,0,0,0,0
8,121,-189,2064,160,15952,0,0,0,5776,-134,83,2840,-76,16204,0,0,0,0,0,0,0,0,0,0,0,0
-430,-2854,-261,1816,292,16632,0,0,0,5208,-3240,-47,2472,-200,16680,0,0,0,0,0,0,0,0,0,0,0,0
-401,-5966,-454,2636,356,16540,0,0,0,5185,-6453,-272,3396,32,16740,0,0,0,0,0,0,0,0,0,0,0,0
-551,-8956,-567,3544,148,15756,0,0,0,5062,-9326,-407,4340,-208,15848,0,0,0,0,0,0,0,0,0,0,0,0
-318,-6395,-775,4932,28,14684,0,0,0,5295,-6566,-619,5732,-256,14700,0,0,0,0,0,0,0,0,0,0,0,0
-435,-6275,-762,5512,12,15680,0,0,0,5202,-6801,-595,6172,-204,15716,0,0,0,0,0,0,0,0,0,0,0,0
-415,-9704,-1406,6908,172,14460,0,0,0,5092,-9999,-1257,7612,-48,14388,0,0,0,0,0,0,0,0,0,0,0,0
-676,-9329,-905,7868,-12,14248,0,0,0,4883,-9776,-759,8592,-396,14144,0,0,0,0,0,0,0,0,0,0,0,0
-761,-10055,-1419,9124,204,12692,0,0,0,4745,-10231,-1284,9844,-148,12420,0,0,0,0,0,0,0,0,0,0,0,0
-621,-5618,-1379,10372,12,12212,0,0,0,4951,-5872,-1173,10992,-316,12040,0,0,0,0,0,0,0,0,0,0,0,0
-572,-5984,-517,11028,52,11852,0,0,0,5132,-6413,-330,11680,-296,11700,0,0,0,0,0,0,0,0,0,0,0,0
-619,-5164,-626,11816,188,11268,0,0,0,4994,-5476,-445,12420,-192,11292,0,0,0,0,0,0,0,0,0,0,0,0
-945,-6475,-865,12052,72,10964,0,0,0,4652,-6850,-678,12568,-228,10880,0,0,0,0,0,0,0,0,0,0,0,0
-1529,-6711,-1261,12764,104,9852,0,0,0,4031,-6962,-1039,13320,-184,9732,0,0,0,0,0,0,0,0,0,0,0,0
-1246,-7447,-866,13412,252,9568,0,0,0,4362,-7774,-668,14040,-172,9056,0,0,0,0,0,0,0,0,0,0,0,0
-1578,-6998,-988,14164,100,8568,0,0,0,3950,-7274,-799,14564,-252,8232,0,0,0,0,0,0,0,0,0,0,0,0
-365,-6747,-217,14536,-16,7852,0,0,0,5315,-7107,-50,15008,-300,7484,0,0,0,0,0,0,0,0,0,0,0,0
-452,-5930,-290,15080,92,6368,0,0,0,5166,-6190,-82,15500,-284,6000,0,0,0,0,0,0,0,0,0,0,0,0
-450,-4326,-302,15312,72,5984,0,0,0,5200,-4632,-62,15764,-184,5812,0,0,0,0,0,0,0,0,0,0,0,0
-558,-5435,-267,15576,12,5320,0,0,0,5098,-5684,-63,15984,-324,4872,0,0,0,0,0,0,0,0,0,0,0,0
-459,-3995,-250,15804,56,4584,0,0,0,5239,-4270,-31,16104,-312,4312,0,0,0,0,0,0,0,0,0,0,0,0
-302,-4230,-197,15784,108,4756,0,0,0,5380,-4598,17,16212,-264,4428,0,0,0,0,0,0,0,0,0,0,0,0
-540,-3538,-261,16308,-40,3116,0,0,0,5119,-3709,-19,16600,-264,2832,0,0,0,0,0,0,0,0,0,0,0,0
-181,-4557,-128,16300,92,3068,0,0,0,5485,-4839,45,16596,-384,2740,0,0,0,0,0,0,0,0,0,0,0,0
-981,-4056,-328,16408,112,2400,0,0,0,4676,-4368,-113,16724,-156,2148,0,0,0,0,0,0,0,0,0,0,0,0
-905,-3574,-570,16500,84,1764,0,0,0,4796,-3792,-326,16792,-240,1204,0,0,0,0,0,0,0,0,0,0,0,0
-645,-3061,-502,16768,52,976,0,0,0,5042,-3251,-251,16956,-168,796,0,0,0,0,0,0,0,0,0,0,0,0
-381,-1941,-376,16596,28,1080,0,0,0,5350,-2186,-113,16840,-252,724,0,0,0,0,0,0,0,0,0,0,0,0
-192,-1037,-256,16548,24,1128,0,0,0,5558,-1305,-11,16816,-304,792,0,0,0,0,0,0,0,0,0,0,0,0
-198,-2079,-409,16604,-40,924,0,0,0,5464,-2375,-114,16884,-188,768,0,0,0,0,0,0,0,0,0,0,0,0
-471,-2014,-390,16444,60,728,0,0,0,5192,-2392,-174,16708,-164,676,0,0,0,0,0,0,0,0,0,0,0,0
-409,-1776,-378,16716,212,-56,0,0,0,5296,-1964,-128,16916,-12,-572,0,0,0,0,0,0,0,0,0,0,0,0
-184,-712,-282,16672,104,-216,0,0,0,5528,-1001,-27,16796,-112,-300,0,0,0,0,0,0,0,0,0,0,0,0
-190,-1043,-329,16676,196,-240,0,0,0,5486,-1309,-80,16848,-80,-488,0,0,0,0,0,0,0,0,0,0,0,0
-167,930,-175,16696,160,-348,0,0,0,5558,670,121,16808,-20,-520,0,0,0,0,0,0,0,0,0,0,0,0
-134,681,-145,16736,228,-88,0,0,0,5594,458,136,16812,-92,-356,0,0,0,0,0,0,0,0,0,0,0,0
-80,-80,-229,16516,224,228,0,0,0,5630,-372,32,16576,-124,-28,0,0,0,0,0,0,0,0,0,0,0,0
-119,476,-189,16900,212,-616,0,0,0,5621,322,119,17044,-96,-880,0,0,0,0,0,0,0,0,0,0,0,0
22,4204,151,16908,160,-280,0,0,0,5806,4091,503,16964,-120,-608,0,0,0,0,0,0,0,0,0,0,0,0
657,7410,530,16576,144,280,0,0,0,6547,7192,918,16784,-120,164,0,0,0,0,0,0,0,0,0,0,0,0
1676,6853,-86,16300,-1180,2756,0,0,0,7517,6374,289,16608,-784,3068,0,0,0,0,0,0,0,0,0,0,0,0
822,6684,276,16356,148,3376,0,0,0,6601,6503,640,16588,-204,3180,0,0,0,0,0,0,0,0,0,0,0,0
655,6599,-508,16188,36,3860,0,0,0,6430,6482,-121,16652,-200,3636,0,0,0,0,0,0,0,0,0,0,0,0
332,8344,-184,15772,72,4504,0,0,0,6161,8251,190,16156,-264,4332,0,0,0,0,0,0,0,0,0,0,0,0
404,10594,-224,15184,-20,6080,0,0,0,6281,10423,217,15536,-332,5828,0,0,0,0,0,0,0,0,0,0,0,0
633,10739,-48,14644,84,7080,0,0,0,6530,10654,385,15200,-292,6788,0,0,0,0,0,0,0,0,0,0,0,0
865,9077,193,13828,196,8916,0,0,0,6751,8891,601,14284,-216,8516,0,0,0,0,0,0,0,0,0,0,0,0
654,11182,128,12868,104,9836,0,0,0,6543,11168,537,13388,-148,9600,0,0,0,0,0,0,0,0,0,0,0,0
402,9736,10,11956,192,11144,0,0,0,6259,9646,390,12468,-216,10644,0,0,0,0,0,0,0,0,0,0,0,0
345,11313,-414,10924,100,12044,0,0,0,6225,11289,1,11480,-68,12084,0,0,0,0,0,0,0,0,0,0,0,0
361,9538,-242,9708,328,13576,0,0,0,6193,9255,177,10288,92,13356,0,0,0,0,0,0,0,0,0,0,0,0
-65,6752,-240,8736,284,13860,0,0,0,5688,6607,134,9732,-132,13560,0,0,0,0,0,0,0,0,0,0,0,0
-128,3551,-286,8488,344,14284,0,0,0,5654,3299,80,9156,-4,13996,0,0,0,0,0,0,0,0,0,0,0,0
-178,5380,-186,7916,120,13588,0,0,0,5622,5238,152,8928,-156,13464,0,0,0,0,0,0,0,0,0,0,0,0
-154,4714,-254,7160,192,14804,0,0,0,5600,4462,75,7884,-136,14824,0,0,0,0,0,0,0,0,0,0,0,0
-103,5122,-333,6648,192,14796,0,0,0,5693,4923,7,7232,-96,14824,0,0,0,0,0,0,0,0,0,0,0,0
35,3612,-285,6284,304,14720,0,0,0,5784,3462,56,6952,8,14632,0,0,0,0,0,0,0,0,0,0,0,0
62,5350,-332,5700,348,15460,0,0,0,5835,5113,24,6232,-32,15336,0,0,0,0,0,0,0,0,0,0,0,0
-4,3754,-305,5292,328,15152,0,0,0,5806,3515,7,5780,-60,15332,0,0,0,0,0,0,0,0,0,0,0,0
71,2854,-258,4932,228,14820,0,0,0,5840,2777,48,5772,-16,14764,0,0,0,0,0,0,0,0,0,0,0,0
57,4045,-343,4368,360,15940,0,0,0,5834,3805,-24,5040,84,15656,0,0,0,0,0,0,0,0,0,0,0,0
63,4110,-332,3768,444,15996,0,0,0,5827,3873,-19,4512,132,16288,0,0,0,0,0,0,0,0,0,0,0,0
27,3324,-362,3392,396,15588,0,0,0,5771,3154,-29,4204,88,15836,0,0,0,0,0,0,0,0,0,0,0,0
119,4364,-367,2856,428,15744,0,0,0,5846,4257,-30,3808,240,15852,0,0,0,0,0,0,0,0,0,0,0,0
38,3587,-288,2288,508,16088,0,0,0,5815,3327,37,3108,284,16256,0,0,0,0,0,0,0,0,0,0,0,0
60,3005,-287,2004,480,15880,0,0,0,5790,2850,43,2680,232,16124,0,0,0,0,0,0,0,0,0,0,0,0
149,4674,-302,1284,576,16308,0,0,0,5936,4420,39,2104,184,16280,0,0,0,0,0,0,0,0,0,0,0,0
157,4181,-287,832,588,16172,0,0,0,5934,3950,56,1360,280,16444,0,0,0,0,0,0,0,0,0,0,0,0
-105,185,-151,500,592,15896,0,0,0,5652,33,100,1332,168,15996,0,0,0,0,0,0,0,0,0,0,0,0
-121,216,-210,428,640,16220,0,0,0,5625,-57,83,1140,324,16428,0,0,0,0,0,0,0,0,0,0,0,0
-142,255,-203,400,600,16116,0,0,0,5632,50,74,1224,348,16280,0,0,0,0,0,0,0,0,0,0,0,0
-124,223,-204,320,528,16092,0,0,0,5621,-13,88,1136,328,16344,0,0,0,0,0,0,0,0,0,0,0,0
-123,336,-179,252,464,16152,0,0,0,5625,124,72,1120,340,16356,0,0,0,0,0,0,0,0,0,0,0,0
-118,520,-202,292,584,16248,0,0,0,5630,233,105,1088,368,16472,0,0,0,0,0,0,0,0,0,0,0,0
-134,99,-218,320,596,16124,0,0,0,5561,-158,45,884,280,16448,0,0,0,0,0,0,0,0,0,0,0,0
-122,-44,-242,124,556,16140,0,0,0,5582,-348,74,1032,460,16552,0,0,0,0,0,0,0,0,0,0,0,0
-118,44,-226,272,684,16052,0,0,0,5610,-221,47,1008,376,16348,0,0,0,0,0,0,0,0,0,0,0,0
-127,24,-232,336,592,16028,0,0,0,5643,-258,54,1108,288,16300,0,0,0,0,0,0,0,0,0,0,0,0
-125,11,-212,340,596,15928,0,0,0,5608,-232,60,984,348,16080,0,0,0,0,0,0,0,0,0,0,0,0
-139,15,-221,356,528,16120,0,0,0,5596,-255,42,1060,376,16516,0,0,0,0,0,0,0,0,0,0,0,0
-115,65,-205,296,616,16016,0,0,0,5620,-205,52,1024,304,16316,0,0,0,0,0,0,0,0,0,0,0,0
-123,-48,-241,312,624,16160,0,0,0,5594,-279,42,1016,328,16248,0,0,0,0,0,0,0,0,0,0,0,0
-127,28,-230,336,648,16040,0,0,0,5596,-252,57,992,260,16404,0,0,0,0,0,0,0,0,0,0,0,0
-122,94,-214,328,584,16112,0,0,0,5600,-172,57,1004,348,16212,0,0,0,0,0,0,0,0,0,0,0,0
-114,169,-215,284,544,15972,0,0,0,5607,-75,59,1076,264,16232,0,0,0,0,0,0,0,0,0,0,0,0
-102,497,-193,264,572,16072,0,0,0,5642,270,87,1012,260,16260,0,0,0,0,0,0,0,0,0,0,0,0
-45,917,-218,192,504,16072,0,0,0,5706,660,103,956,248,16328,0,0,0,0,0,0,0,0,0,0,0,0
15,1801,-223,64,588,15976,0,0,0,5779,1596,66,868,320,16304,0,0,0,0,0,0,0,0,0,0,0,0
166,5209,-269,-200,592,16080,0,0,0,5941,5158,45,532,432,16376,0,0,0,0,0,0,0,0,0,0,0,0
-154,3743,-224,-776,616,16120,0,0,0,5608,3632,114,-144,432,16376,0,0,0,0,0,0,0,0,0,0,0,0
-170,9143,-502,-1408,720,16076,0,0,0,5652,9239,-113,-680,520,16508,0,0,0,0,0,0,0,0,0,0,0,0
-141,12703,-587,-3688,540,15476,0,0,0,5737,12359,-108,-3032,428,15940,0,0,0,0,0,0,0,0,0,0,0,0
-112,4522,-345,-4680,512,15304,0,0,0,5663,4287,-1,-4024,568,15620,0,0,0,0,0,0,0,0,0,0,0,0
17,7407,-749,-5112,660,15048,0,0,0,5766,7396,-387,-4480,472,15600,0,0,0,0,0,0,0,0,0,0,0,0
-61,12713,-591,-6152,624,14580,0,0,0,5780,12774,-138,-5368,360,15164,0,0,0,0,0,0,0,0,0,0,0,0
-73,17260,-539,-8344,540,13132,0,0,0,5874,17246,-14,-7776,472,13944,0,0,0,0,0,0,0,0,0,0,0,0
-111,11128,-427,-10364,612,11964,0,0,0,5750,11176,5,-9804,564,12692,0,0,0,0,0,0,0,0,0,0,0,0
-81,12963,-438,-11300,732,10804,0,0,0,5784,12986,-20,-11000,576,11560,0,0,0,0,0,0,0,0,0,0,0,0
-315,16189,-301,-12664,488,9024,0,0,0,5603,16201,215,-12548,384,9900,0,0,0,0,0,0,0,0,0,0,0,0
-499,11220,-289,-13940,624,7524,0,0,0,5409,10933,149,-13560,476,8700,0,0,0,0,0,0,0,0,0,0,0,0
-328,8732,-357,-14556,496,6032,0,0,0,5487,8531,63,-14316,616,7116,0,0,0,0,0,0,0,0,0,0,0,0
-348,5418,-271,-15124,360,5184,0,0,0,5429,5142,84,-14816,356,6340,0,0,0,0,0,0,0,0,0,0,0,0
-494,5848,-229,-15064,324,4864,0,0,0,5306,5712,129,-14816,380,5728,0,0,0,0,0,0,0,0,0,0,0,0
-502,6538,-233,-15244,468,3748,0,0,0,5287,6406,111,-15216,644,4736,0,0,0,0,0,0,0,0,0,0,0,0
-588,6930,-272,-15632,492,2304,0,0,0,5206,6779,107,-15408,396,3904,0,0,0,0,0,0,0,0,0,0,0,0
-946,3750,-173,-15808,448,1556,0,0,0,4850,3500,161,-15756,424,3100,0,0,0,0,0,0,0,0,0,0,0,0
-1097,2753,-161,-15804,388,1504,0,0,0,4692,2487,168,-15832,256,3016,0,0,0,0,0,0,0,0,0,0,0,0
-1178,4293,-197,-15852,388,712,0,0,0,4564,4164,174,-15672,452,2244,0,0,0,0,0,0,0,0,0,0,0,0
-797,5038,-284,-15940,344,812,0,0,0,5024,4882,78,-15768,184,1872,0,0,0,0,0,0,0,0,0,0,0,0
-280,2894,-250,-16060,340,-480,0,0,0,5478,2600,86,-15968,532,1036,0,0,0,0,0,0,0,0,0,0,0,0
-234,1139,-234,-16080,316,-596,0,0,0,5506,857,40,-16108,480,776,0,0,0,0,0,0,0,0,0,0,0,0
-160,524,-233,-15852,336,-612,0,0,0,5541,300,76,-15864,452,644,0,0,0,0,0,0,0,0,0,0,0,0
-438,1568,-233,-15936,376,-716,0,0,0,5314,1303,79,-16024,352,620,0,0,0,0,0,0,0,0,0,0,0,0
-148,486,-251,-16296,332,-816,0,0,0,5601,45,44,-16280,472,324,0,0,0,0,0,0,0,0,0,0,0,0
-138,-449,-216,-16052,352,-1032,0,0,0,5606,-714,47,-15960,596,316,0,0,0,0,0,0,0,0,0,0,0,0
-127,-300,-239,-15940,248,-808,0,0,0,5582,-545,41,-15992,512,440,0,0,0,0,0,0,0,0,0,0,0,0
-126,-701,-220,-16072,348,-1084,0,0,0,5579,-986,28,-15964,440,384,0,0,0,0,0,0,0,0,0,0,0,0
-159,-2416,-219,-16220,288,-708,0,0,0,5529,-2807,25,-16024,352,804,0,0,0,0,0,0,0,0,0,0,0,0
-143,-6031,-136,-16056,476,-152,0,0,0,5482,-6494,44,-16068,464,1128,0,0,0,0,0,0,0,0,0,0,0,0
-160,-8883,-49,-15892,316,1064,0,0,0,5471,-9298,71,-15864,516,2356,0,0,0,0,0,0,0,0,0,0,0,0
-210,-10750,-35,-15672,308,2188,0,0,0,5417,-11173,76,-15576,412,3620,0,0,0,0,0,0,0,0,0,0,0,0
-216,-12209,43,-15280,376,4096,0,0,0,5373,-12686,135,-15108,444,5224,0,0,0,0,0,0,0,0,0,0,0,0
-135,-14483,91,-14560,424,5816,0,0,0,5444,-14980,161,-14388,428,7012,0,0,0,0,0,0,0,0,0,0,0,0
-184,-15242,48,-13528,480,7728,0,0,0,5311,-15658,129,-13088,524,8964,0,0,0,0,0,0,0,0,0,0,0,0
-180,-12318,-11,-12292,476,9780,0,0,0,5428,-12689,81,-11944,584,10580,0,0,0,0,0,0,0,0,0,0,0,0
-155,-12765,-19,-11340,552,10948,0,0,0,5436,-13297,65,-10868,496,11836,0,0,0,0,0,0,0,0,0,0,0,0
-122,-16692,56,-9684,584,12264,0,0,0,5386,-17326,66,-9248,504,13152,0,0,0,0,0,0,0,0,0,0,0,0
-154,-19733,150,-7364,584,13928,0,0,0,5355,-20232,134,-6644,520,14568,0,0,0,0,0,0,0,0,0,0,0,0
-137,-11489,-28,-4668,712,15336,0,0,0,5450,-11623,83,-3964,348,15760,0,0,0,0,0,0,0,0,0,0,0,0
-115,-6086,-88,-3960,572,15600,0,0,0,5547,-6380,82,-3152,396,16008,0,0,0,0,0,0,0,0,0,0,0,0
-129,-6750,-101,-3472,620,15476,0,0,0,5519,-7213,87,-2756,424,16096,0,0,0,0,0,0,0,0,0,0,0,0
-155,-10492,-12,-2028,612,15932,0,0,0,5433,-10811,94,-1076,452,16324,0,0,0,0,0,0,0,0,0,0,0,0
-120,-3029,-211,-648,560,16084,0,0,0,5555,-3178,17,-32,420,16380,0,0,0,0,0,0,0,0,0,0,0,0
-156,-1675,-187,-768,576,15968,0,0,0,5546,-1961,56,32,440,16540,0,0,0,0,0,0,0,0,0,0,0,0
-179,-1429,-204,-532,696,16148,0,0,0,5482,-1666,25,284,320,16384,0,0,0,0,0,0,0,0,0,0,0,0
-194,-1124,-204,-300,636,16200,0,0,0,5524,-1220,71,344,384,16416,0,0,0,0,0,0,0,0,0,0,0,0
-184,-1013,-218,-228,620,15988,0,0,0,5491,-1189,50,536,440,16496,0,0,0,0,0,0,0,0,0,0,0,0
-197,-1055,-194,-104,596,15976,0,0,0,5512,-1322,54,592,356,16336,0,0,0,0,0,0,0,0,0,0,0,0
-139,-104,-230,16,632,16124,0,0,0,5554,-350,64,708,312,16432,0,0,0,0,0,0,0,0,0,0,0,0
-239,-986,-180,-244,528,16712,0,0,0,5523,-1443,76,928,368,16348,0,0,0,0,0,0,0,0,0,0,0,0
-144,-113,-218,108,516,16048,0,0,0,5585,-375,35,776,348,16404,0,0,0,0,0,0,0,0,0,0,0,0
-115,-38,-217,148,584,16064,0,0,0,5580,-297,53,804,380,16280,0,0,0,0,0,0,0,0,0,0,0,0
-128,-12,-208,140,532,16004,0,0,0,5592,-297,58,776,228,16404,0,0,0,0,0,0,0,0,0,0,0,0
-106,-4,-223,140,616,16076,0,0,0,5558,-266,57,728,308,16456,0,0,0,0,0,0,0,0,0,0,0,0
-140,-20,-221,68,588,16112,0,0,0,5604,-297,61,804,336,16420,0,0,0,0,0,0,0,0,0,0,0,0
-134,-100,-203,112,512,16068,0,0,0,5567,-328,58,860,348,16284,0,0,0,0,0,0,0,0,0,0,0,0
-124,3,-206,56,564,16100,0,0,0,5611,-248,58,780,296,16384,0,0,0,0,0,0,0,0,0,0,0,0
-110,-7,-238,112,596,16116,0,0,0,5579,-278,69,756,292,16468,0,0,0,0,0,0,0,0,0,0,0,0
-112,1,-218,128,540,16092,0,0,0,5572,-270,57,928,404,16448,0,0,0,0,0,0,0,0,0,0,0,0
-132,0,-209,124,580,16028,0,0,0,5600,-273,40,728,280,16332,0,0,0,0,0,0,0,0,0,0,0,0
-136,-11,-228,48,576,16112,0,0,0,5574,-260,45,836,296,16236,0,0,0,0,0,0,0,0,0,0,0,0
-120,46,-215,32,560,16240,0,0,0,5579,-235,41,744,284,16420,0,0,0,0,0,0,0,0,0,0,0,0
-125,18,-238,176,568,16008,0,0,0,5571,-225,60,880,400,16244,0,0,0,0,0,0,0,0,0,0,0,0
-138,93,-217,124,524,15932,0,0,0,5596,-174,37,808,412,16520,0,0,0,0,0,0,0,0,0,0,0,0
-149,-60,-223,188,504,16024,0,0,0,5573,-316,55,868,368,16420,0,0,0,0,0,0,0,0,0,0,0,0
-127,-20,-229,132,604,16140,0,0,0,5562,-261,50,800,328,16408,0,0,0,0,0,0,0,0,0,0,0,0
-120,3,-227,216,616,15952,0,0,0,5583,-213,65,912,316,16428,0,0,0,0,0,0,0,0,0,0,0,0
-126,-40,-228,16,508,16112,0,0,0,5599,-287,44,884,288,16500,0,0,0,0,0,0,0,0,0,0,0,0
-145,-1,-214,112,596,15964,0,0,0,5601,-253,61,796,320,16440,0,0,0,0,0,0,0,0,0,0,0,0
-143,-12,-306,-48,548,16100,0,0,0,5613,-294,-27,608,304,16292,0,0,0,0,0,0,0,0,0,0,0,0
-146,46,-231,124,556,16112,0,0,0,5572,-226,45,768,200,16292,0,0,0,0,0,0,0,0,0,0,0,0
-139,-633,-729,-128,528,16112,0,0,0,5519,-932,-434,596,292,16440,0,0,0,0,0,0,0,0,0,0,0,0
-128,-1049,-761,68,660,16148,0,0,0,5528,-1408,-521,616,292,16324,0,0,0,0,0,0,0,0,0,0,0,0
-295,-3699,-1146,272,556,16692,0,0,0,5314,-4016,-915,1152,276,16808,0,0,0,0,0,0,0,0,0,0,0,0
-588,-4370,-166,904,500,16276,0,0,0,5055,-4717,69,1648,236,16532,0,0,0,0,0,0,0,0,0,0,0,0
-1087,-7085,-1139,1552,580,16180,0,0,0,4444,-7472,-955,2440,276,16524,0,0,0,0,0,0,0,0,0,0,0,0
-817,-5378,-1066,3004,192,15100,0,0,0,4725,-5571,-869,3556,-56,15036,0,0,0,0,0,0,0,0,0,0,0,0
-119,-8262,-460,3400,120,16348,0,0,0,5483,-8821,-317,4076,-224,16516,0,0,0,0,0,0,0,0,0,0,0,0
-653,-9670,-537,5104,452,15312,0,0,0,4959,-10074,-350,5944,156,15220,0,0,0,0,0,0,0,0,0,0,0,0
228,-8628,-599,6112,40,14888,0,0,0,5805,-9064,-446,6904,-468,14888,0,0,0,0,0,0,0,0,0,0,0,0
-647,-7954,-991,7572,192,14380,0,0,0,4924,-8343,-807,8244,-148,14456,0,0,0,0,0,0,0,0,0,0,0,0
-350,-9321,-295,8584,376,13688,0,0,0,5187,-9665,-169,9172,28,13600,0,0,0,0,0,0,0,0,0,0,0,0
-767,-12055,-751,9876,356,12664,0,0,0,4744,-12312,-650,10412,28,12508,0,0,0,0,0,0,0,0,0,0,0,0
-777,-9833,-748,10840,32,12352,0,0,0,4746,-10293,-596,11724,-236,12028,0,0,0,0,0,0,0,0,0,0,0,0
-717,-8612,-617,12120,156,10492,0,0,0,4858,-8991,-473,12836,-264,10548,0,0,0,0,0,0,0,0,0,0,0,0
-947,-11358,-522,13272,408,9556,0,0,0,4604,-11668,-394,13724,36,9132,0,0,0,0,0,0,0,0,0,0,0,0
-1243,-11337,-1215,13380,-596,9160,0,0,0,4249,-11934,-1131,13788,-956,8824,0,0,0,0,0,0,0,0,0,0,0,0
-1416,-10472,-392,14896,300,6692,0,0,0,4220,-10705,-185,15816,-136,5868,0,0,0,0,0,0,0,0,0,0,0,0
-509,-7636,-263,15744,292,5032,0,0,0,5098,-7905,-88,15976,-132,4832,0,0,0,0,0,0,0,0,0,0,0,0
-319,-6224,-172,15984,40,4032,0,0,0,5305,-6434,-2,16336,-204,3844,0,0,0,0,0,0,0,0,0,0,0,0
-324,-3867,-194,16088,-20,3852,0,0,0,5316,-4114,9,16472,-228,3396,0,0,0,0,0,0,0,0,0,0,0,0
-856,-3349,-335,16120,76,3728,0,0,0,4799,-3657,-104,16432,-244,3424,0,0,0,0,0,0,0,0,0,0,0,0
-724,-5672,-265,16172,-48,2992,0,0,0,4867,-5940,-24,16596,-128,2688,0,0,0,0,0,0,0,0,0,0,0,0
-490,-3539,-492,16296,-400,2256,0,0,0,5177,-3936,-274,16512,-524,1928,0,0,0,0,0,0,0,0,0,0,0,0
-413,-4293,-683,16496,-36,1568,0,0,0,5198,-4571,-458,16792,-100,1348,0,0,0,0,0,0,0,0,0,0,0,0
-676,-1910,-531,16852,100,252,0,0,0,5017,-2085,-265,17048,-112,-284,0,0,0,0,0,0,0,0,0,0,0,0
-1,475,-158,16412,40,1440,0,0,0,5752,115,123,16672,-56,1156,0,0,0,0,0,0,0,0,0,0,0,0
-56,-1681,-398,16588,192,1064,0,0,0,5617,-1985,-153,16768,-120,876,0,0,0,0,0,0,0,0,0,0,0,0
-279,-2806,-544,16812,196,456,0,0,0,5367,-3044,-287,16892,-28,312,0,0,0,0,0,0,0,0,0,0,0,0
-280,-5616,-730,16452,232,488,0,0,0,5290,-5967,-549,16664,-216,156,0,0,0,0,0,0,0,0,0,0,0,0
-164,70,-280,16932,296,-1372,0,0,0,5532,-118,21,16992,104,-1532,0,0,0,0,0,0,0,0,0,0,0,0
-73,620,-144,16856,192,-864,0,0,0,5638,478,140,17032,112,-1344,0,0,0,0,0,0,0,0,0,0,0,0
-124,883,-168,16520,120,256,0,0,0,5602,551,122,16576,-108,-8,0,0,0,0,0,0,0,0,0,0,0,0
-138,949,-183,17108,312,-1396,0,0,0,5587,914,153,17236,0,-1780,0,0,0,0,0,0,0,0,0,0,0,0
83,7551,311,16552,456,1064,0,0,0,5980,7229,710,16648,16,624,0,0,0,0,0,0,0,0,0,0,0,0
619,4277,190,16616,340,880,0,0,0,6396,4210,527,16788,0,636,0,0,0,0,0,0,0,0,0,0,0,0
342,10113,-245,16652,52,1016,0,0,0,6159,10160,172,16836,-240,784,0,0,0,0,0,0,0,0,0,0,0,0
124,7367,731,16056,260,3832,0,0,0,6015,7143,1135,16576,-16,3516,0,0,0,0,0,0,0,0,0,0,0,0
474,13184,-327,16424,-56,1856,0,0,0,6400,13529,150,16564,-272,1472,0,0,0,0,0,0,0,0,0,0,0,0
1974,14855,433,14460,72,7296,0,0,0,7966,14630,908,15228,-404,6796,0,0,0,0,0,0,0,0,0,0,0,0
1166,17903,217,13572,20,8120,0,0,0,7081,17906,707,13832,-204,8196,0,0,0,0,0,0,0,0,0,0,0,0
867,9018,65,12488,328,11356,0,0,0,6730,8751,458,12936,-40,10944,0,0,0,0,0,0,0,0,0,0,0,0
889,9144,252,12180,48,10464,0,0,0,6762,9077,642,12580,-396,10368,0,0,0,0,0,0,0,0,0,0,0,0
430,13736,-441,11076,228,11056,0,0,0,6278,13827,6,11508,-96,10804,0,0,0,0,0,0,0,0,0,0,0,0
579,18389,-675,8600,456,13872,0,0,0,6376,18209,-98,9428,396,14456,0,0,0,0,0,0,0,0,0,0,0,0
49,12288,-438,6916,328,14916,0,0,0,5999,12126,32,7844,304,14472,0,0,0,0,0,0,0,0,0,0,0,0
98,8044,-290,6052,356,14992,0,0,0,5909,7923,96,6780,128,14928,0,0,0,0,0,0,0,0,0,0,0,0
49,7678,-317,5228,568,15100,0,0,0,5857,7589,57,5892,176,15136,0,0,0,0,0,0,0,0,0,0,0,0
66,6639,-317,4188,456,15696,0,0,0,5823,6505,74,4968,132,15568,0,0,0,0,0,0,0,0,0,0,0,0
-21,7630,-329,2996,580,16252,0,0,0,5801,7320,72,3832,240,16452,0,0,0,0,0,0,0,0,0,0,0,0
18,5959,-256,2608,480,15664,0,0,0,5781,5787,119,3228,140,15908,0,0,0,0,0,0,0,0,0,0,0,0
23,4112,-241,1656,556,16180,0,0,0,5761,3832,107,2496,136,16400,0,0,0,0,0,0,0,0,0,0,0,0
7,3260,-227,1640,528,15572,0,0,0,5754,3155,78,2340,232,15788,0,0,0,0,0,0,0,0,0,0,0,0
340,7238,-255,808,628,16136,0,0,0,6169,7021,118,1252,292,16544,0,0,0,0,0,0,0,0,0,0,0,0
-117,305,-173,512,612,16288,0,0,0,5625,36,110,1220,316,16428,0,0,0,0,0,0,0,0,0,0,0,0
-104,458,-205,452,592,16020,0,0,0,5604,210,63,1192,420,16248,0,0,0,0,0,0,0,0,0,0,0,0
-90,244,-221,356,672,15928,0,0,0,5632,-8,65,992,316,16352,0,0,0,0,0,0,0,0,0,0,0,0
-93,343,-204,368,504,16044,0,0,0,5599,119,67,1000,388,16448,0,0,0,0,0,0,0,0,0,0,0,0
-126,125,-198,420,540,16104,0,0,0,5563,-188,67,1044,308,16348,0,0,0,0,0,0,0,0,0,0,0,0
-172,-269,-168,-428,828,16696,0,0,0,5536,-643,90,676,512,16564,0,0,0,0,0,0,0,0,0,0,0,0
-94,30,-232,436,612,16188,0,0,0,5591,-221,59,1072,380,16252,0,0,0,0,0,0,0,0,0,0,0,0
-120,10,-232,292,632,16084,0,0,0,5573,-259,30,1060,364,16428,0,0,0,0,0,0,0,0,0,0,0,0
-129,2,-218,332,536,16148,0,0,0,5598,-263,70,1076,212,16308,0,0,0,0,0,0,0,0,0,0,0,0
-144,-18,-149,452,620,16192,0,0,0,5562,-291,132,1172,348,16232,0,0,0,0,0,0,0,0,0,0,0,0
-104,12,-219,300,508,16176,0,0,0,5587,-240,37,1104,288,16272,0,0,0,0,0,0,0,0,0,0,0,0
-124,20,-231,284,580,16212,0,0,0,5566,-239,69,1004,392,16248,0,0,0,0,0,0,0,0,0,0,0,0
-109,4,-231,364,608,16048,0,0,0,5563,-292,65,1080,388,16376,0,0,0,0,0,0,0,0,0,0,0,0
-162,26,-11,452,652,15976,0,0,0,5570,-267,281,1120,328,16360,0,0,0,0,0,0,0,0,0,0,0,0
-148,190,-322,304,536,15892,0,0,0,5570,-98,-53,1080,336,16396,0,0,0,0,0,0,0,0,0,0,0,0
-146,60,-269,324,676,16240,0,0,0,5554,-228,-17,1004,288,16400,0,0,0,0,0,0,0,0,0,0,0,0
-156,45,-220,256,504,16092,0,0,0,5565,-214,24,1144,236,16336,0,0,0,0,0,0,0,0,0,0,0,0
-619,456,-687,60,540,16168,0,0,0,5062,224,-423,580,264,16664,0,0,0,0,0,0,0,0,0,0,0,0
-660,716,-747,-60,444,16292,0,0,0,4964,531,-444,688,348,16600,0,0,0,0,0,0,0,0,0,0,0,0
-2480,1788,-557,-88,532,16580,0,0,0,3215,1590,-167,736,152,17008,0,0,0,0,0,0,0,0,0,0,0,0
-3525,971,-245,440,-68,17368,0,0,0,2099,739,94,1348,-436,17692,0,0,0,0,0,0,0,0,0,0,0,0
-5195,837,-88,-20,-692,17704,0,0,0,504,661,248,656,-996,17504,0,0,0,0,0,0,0,0,0,0,0,0
-6708,3580,644,-416,-1764,16280,0,0,0,-830,4287,1032,692,-1924,16376,0,0,0,0,0,0,0,0,0,0,0,0
-9405,6342,-361,-828,-2172,17004,0,0,0,-3697,5991,179,-152,-2484,17504,0,0,0,0,0,0,0,0,0,0,0,0
-10726,2934,227,-1228,-3572,15704,0,0,0,-4917,2864,738,-468,-3656,15776,0,0,0,0,0,0,0,0,0,0,0,0
-11394,842,0,-2096,-4536,16056,0,0,0,-5779,321,476,-1532,-4696,16364,0,0,0,0,0,0,0,0,0,0,0,0
-13117,193,154,-1972,-6972,15208,0,0,0,-7474,214,657,-1528,-7100,15712,0,0,0,0,0,0,0,0,0,0,0,0
-15208,-884,62,-2608,-8920,13480,0,0,0,-9644,-996,582,-2380,-8980,14112,0,0,0,0,0,0,0,0,0,0,0,0
-14527,-1036,-403,-2316,-8948,11004,0,0,0,-8790,-1293,124,-1764,-8828,11128,0,0,0,0,0,0,0,0,0,0,0,0
-12923,-1740,-468,-1348,-12036,9784,0,0,0,-7247,-2060,35,-1128,-12332,10440,0,0,0,0,0,0,0,0,0,0,0,0
-12389,-2664,-399,-1724,-12716,8256,0,0,0,-6758,-2763,38,-1540,-12932,8752,0,0,0,0,0,0,0,0,0,0,0,0
-11483,-3349,-683,-1136,-13348,6368,0,0,0,-5880,-3540,-221,-840,-13184,6656,0,0,0,0,0,0,0,0,0,0,0,0
-11299,-3126,37,-684,-14836,5392,0,0,0,-5554,-3235,503,-436,-14744,5348,0,0,0,0,0,0,0,0,0,0,0,0
-10005,-1751,379,-540,-14320,3032,0,0,0,-4303,-1858,886,-228,-14372,3400,0,0,0,0,0,0,0,0,0,0,0,0
-8832,-1469,288,-928,-15408,1544,0,0,0,-3130,-1719,681,-1120,-15412,2052,0,0,0,0,0,0,0,0,0,0,0,0
-7766,-1702,476,-648,-16728,640,0,0,0,-1998,-1958,895,-924,-17324,1080,0,0,0,0,0,0,0,0,0,0,0,0
-6351,-998,611,-1128,-16140,-576,0,0,0,-588,-1169,1025,-1248,-16192,-12,0,0,0,0,0,0,0,0,0,0,0,0
-4462,-1161,716,-1012,-15616,-720,0,0,0,1263,-1365,1038,-1100,-15604,-220,0,0,0,0,0,0,0,0,0,0,0,0
-4188,-517,113,-1628,-15876,-1900,0,0,0,1526,-747,438,-1928,-15836,-1440,0,0,0,0,0,0,0,0,0,0,0,0
-3441,-542,-631,-1124,-16308,-2588,0,0,0,2285,-763,-299,-1472,-16300,-2176,0,0,0,0,0,0,0,0,0,0,0,0
-1999,-327,-538,-996,-16572,-2808,0,0,0,3715,-576,-233,-1200,-16428,-2408,0,0,0,0,0,0,0,0,0,0,0,0
-999,-57,-386,-800,-16156,-2820,0,0,0,4672,-288,-88,-1056,-15996,-2152,0,0,0,0,0,0,0,0,0,0,0,0
-453,-77,-289,-760,-16380,-2988,0,0,0,5230,-311,14,-1024,-16288,-2692,0,0,0,0,0,0,0,0,0,0,0,0
-242,-170,-228,-932,-16116,-2964,0,0,0,5461,-408,87,-1020,-16064,-2292,0,0,0,0,0,0,0,0,0,0,0,0
-119,-56,39,-1168,-16028,-2888,0,0,0,5628,-318,310,-1396,-16060,-2104,0,0,0,0,0,0,0,0,0,0,0,0
-55,-39,-307,-1132,-16084,-2880,0,0,0,5665,-293,19,-1360,-16108,-2304,0,0,0,0,0,0,0,0,0,0,0,0
443,-219,-636,-1112,-16356,-2932,0,0,0,6108,-529,-366,-1184,-16312,-2348,0,0,0,0,0,0,0,0,0,0,0,0
1235,21,-526,-816,-16044,-2972,0,0,0,6938,-244,-258,-964,-15976,-2476,0,0,0,0,0,0,0,0,0,0,0,0
2113,67,-304,-952,-16052,-3132,0,0,0,7859,-209,-89,-1176,-16028,-2544,0,0,0,0,0,0,0,0,0,0,0,0
3948,-474,-492,-784,-16232,-2992,0,0,0,9648,-777,-297,-1028,-16156,-2516,0,0,0,0,0,0,0,0,0,0,0,0
5746,-80,-286,-720,-16284,-1792,0,0,0,11485,-431,-118,-716,-16192,-1248,0,0,0,0,0,0,0,0,0,0,0,0
7119,163,-739,-1452,-16064,-532,0,0,0,12804,-156,-599,-1576,-16028,-64,0,0,0,0,0,0,0,0,0,0,0,0
8607,809,-982,-600,-16008,608,0,0,0,14313,497,-837,-616,-15884,1012,0,0,0,0,0,0,0,0,0,0,0,0
9604,1843,-635,-580,-15572,1940,0,0,0,15393,1515,-537,-700,-15560,2260,0,0,0,0,0,0,0,0,0,0,0,0
10162,2426,-565,-736,-15032,3588,0,0,0,15933,2096,-408,-676,-15132,4068,0,0,0,0,0,0,0,0,0,0,0,0
10653,1995,-351,-820,-14620,5684,0,0,0,16458,1487,-255,-764,-14676,6084,0,0,0,0,0,0,0,0,0,0,0,0
10866,2789,-317,-1384,-13708,6792,0,0,0,16663,2447,-201,-1308,-13736,7284,0,0,0,0,0,0,0,0,0,0,0,0
10630,1491,-475,-892,-13060,8780,0,0,0,16332,1084,-404,-732,-13136,9044,0,0,0,0,0,0,0,0,0,0,0,0
10217,1265,-923,-1476,-11892,9524,0,0,0,15834,897,-865,-1336,-11828,10236,0,0,0,0,0,0,0,0,0,0,0,0
10123,1585,-994,-1116,-10940,11180,0,0,0,15792,1144,-894,-792,-11100,11632,0,0,0,0,0,0,0,0,0,0,0,0
10342,1993,-997,-2132,-9080,11804,0,0,0,16053,1592,-913,-1804,-9360,12220,0,0,0,0,0,0,0,0,0,0,0,0
9650,-642,-1340,-992,-8672,12800,0,0,0,15348,-957,-1244,-516,-8720,13108,0,0,0,0,0,0,0,0,0,0,0,0
10007,-1751,-1287,-1036,-7608,13380,0,0,0,15643,-2139,-1232,-500,-7628,13852,0,0,0,0,0,0,0,0,0,0,0,0
10697,454,-660,120,-6668,15240,0,0,0,16474,317,-602,760,-6724,15344,0,0,0,0,0,0,0,0,0,0,0,0
10677,-852,-327,-832,-4504,15708,0,0,0,16400,-1459,-240,-280,-4584,16276,0,0,0,0,0,0,0,0,0,0,0,0
7982,-3831,-1105,-1000,-2812,16760,0,0,0,13478,-4062,-1017,-96,-2856,17300,0,0,0,0,0,0,0,0,0,0,0,0
6064,-1028,-1333,696,-1976,16328,0,0,0,11661,-1273,-1168,1460,-2124,16776,0,0,0,0,0,0,0,0,0,0,0,0
4734,3615,-341,576,-1396,17548,0,0,0,10414,3243,-119,1320,-1756,17744,0,0,0,0,0,0,0,0,0,0,0,0
3740,-525,-135,-512,-668,16024,0,0,0,9417,-936,48,188,-960,16448,0,0,0,0,0,0,0,0,0,0,0,0
1613,-4105,-364,-928,88,19464,0,0,0,7246,-4588,-192,136,-400,19200,0,0,0,0,0,0,0,0,0,0,0,0
684,-18,-464,812,-80,16072,0,0,0,6373,-79,-166,1556,-316,16360,0,0,0,0,0,0,0,0,0,0,0,0
805,1363,321,160,-184,15884,0,0,0,6526,978,587,776,-572,16272,0,0,0,0,0,0,0,0,0,0,0,0
711,-1861,-196,-132,360,16020,0,0,0,6394,-2172,28,580,96,16572,0,0,0,0,0,0,0,0,0,0,0,0
614,-1053,-59,324,172,16344,0,0,0,6311,-1414,185,992,-12,16560,0,0,0,0,0,0,0,0,0,0,0,0
428,-2231,29,412,240,16164,0,0,0,6096,-2562,279,1232,-56,16472,0,0,0,0,0,0,0,0,0,0,0,0
163,705,126,664,228,16264,0,0,0,5891,471,442,1464,-104,16564,0,0,0,0,0,0,0,0,0,0,0,0
259,871,78,608,436,16164,0,0,0,5959,623,358,1356,268,16328,0,0,0,0,0,0,0,0,0,0,0,0
262,727,-324,228,328,16028,0,0,0,5981,500,-56,840,64,16192,0,0,0,0,0,0,0,0,0,0,0,0
228,577,-95,344,372,16344,0,0,0,5924,262,188,1120,104,16532,0,0,0,0,0,0,0,0,0,0,0,0
136,76,-10,336,396,16088,0,0,0,5862,-147,282,1216,212,16372,0,0,0,0,0,0,0,0,0,0,0,0
128,929,-9,236,480,16184,0,0,0,5848,696,260,828,320,16412,0,0,0,0,0,0,0,0,0,0,0,0
-310,-928,-6,136,460,16180,0,0,0,5370,-1252,279,904,244,16580,0,0,0,0,0,0,0,0,0,0,0,0
-216,-308,-176,108,748,16264,0,0,0,5452,-571,80,840,364,16584,0,0,0,0,0,0,0,0,0,0,0,0
-34,414,-428,268,580,15908,0,0,0,5638,117,-122,956,276,16404,0,0,0,0,0,0,0,0,0,0,0,0
100,-638,-237,332,456,16152,0,0,0,5783,-908,39,1140,180,16408,0,0,0,0,0,0,0,0,0,0,0,0
61,-291,-245,428,596,16352,0,0,0,5737,-562,34,1260,308,16696,0,0,0,0,0,0,0,0,0,0,0,0
66,-382,-295,476,540,16092,0,0,0,5720,-661,-20,1268,380,16264,0,0,0,0,0,0,0,0,0,0,0,0
-41,-39,-333,532,688,15996,0,0,0,5664,-316,-60,1368,444,16384,0,0,0,0,0,0,0,0,0,0,0,0
75,-343,-132,560,596,16036,0,0,0,5749,-608,143,1224,336,16376,0,0,0,0,0,0,0,0,0,0,0,0
-153,110,-192,604,584,16104,0,0,0,5531,-148,52,1252,376,16240,0,0,0,0,0,0,0,0,0,0,0,0
-52,570,-176,476,628,15980,0,0,0,5657,337,102,1208,444,16268,0,0,0,0,0,0,0,0,0,0,0,0
14,1095,-136,456,592,15896,0,0,0,5764,894,140,1172,376,16136,0,0,0,0,0,0,0,0,0,0,0,0
58,1131,-181,56,516,16336,0,0,0,5738,823,130,916,316,16588,0,0,0,0,0,0,0,0,0,0,0,0
-139,442,284,-1372,960,15944,0,0,0,5575,215,497,-896,696,16332,0,0,0,0,0,0,0,0,0,0,0,0
-236,-244,-139,320,584,16108,0,0,0,5500,-397,128,992,440,16308,0,0,0,0,0,0,0,0,0,0,0,0
-119,118,-225,116,692,16108,0,0,0,5579,-116,35,912,388,16316,0,0,0,0,0,0,0,0,0,0,0,0
-95,138,-237,56,704,16024,0,0,0,5587,-93,46,788,476,16420,0,0,0,0,0,0,0,0,0,0,0,0
-113,464,1140,1844,380,16100,0,0,0,5692,259,1458,2360,168,16288,0,0,0,0,0,0,0,0,0,0,0,0
-159,-167,-257,36,716,16172,0,0,0,5579,-347,31,888,404,16272,0,0,0,0,0,0,0,0,0,0,0,0
-117,-43,-362,144,708,15960,0,0,0,5553,-316,-78,920,420,16288,0,0,0,0,0,0,0,0,0,0,0,0
-117,55,-234,92,628,16068,0,0,0,5589,-225,58,840,392,16372,0,0,0,0,0,0,0,0,0,0,0,0
-111,95,-235,112,564,16096,0,0,0,5604,-223,39,772,532,16536,0,0,0,0,0,0,0,0,0,0,0,0
-101,37,-317,124,620,16048,0,0,0,5589,-270,-27,740,368,16416,0,0,0,0,0,0,0,0,0,0,0,0
21,63,-316,200,636,16064,0,0,0,5725,-215,-52,948,376,16408,0,0,0,0,0,0,0,0,0,0,0,0
113,-4,-401,104,572,16256,0,0,0,5860,-278,-124,836,464,16480,0,0,0,0,0,0,0,0,0,0,0,0
988,19,-779,84,696,16640,0,0,0,6736,-213,-521,884,356,16632,0,0,0,0,0,0,0,0,0,0,0,0
2691,-58,-1177,300,720,16800,0,0,0,8416,-425,-941,900,252,16900,0,0,0,0,0,0,0,0,0,0,0,0
6048,-53,-1886,140,1628,16436,0,0,0,11731,-367,-1748,796,1356,16476,0,0,0,0,0,0,0,0,0,0,0,0
9944,46,-2488,320,2676,16852,0,0,0,15629,-331,-2412,1044,2580,16704,0,0,0,0,0,0,0,0,0,0,0,0
11214,362,-2899,288,4264,15612,0,0,0,16770,2,-2851,936,3796,15828,0,0,0,0,0,0,0,0,0,0,0,0
11959,2011,-2992,-88,5956,14692,0,0,0,17532,1639,-2875,748,6016,15148,0,0,0,0,0,0,0,0,0,0,0,0
12104,1778,-2381,-824,6888,14336,0,0,0,17744,1351,-2283,-148,7016,14796,0,0,0,0,0,0,0,0,0,0,0,0
11409,754,-1927,-1388,8312,13308,0,0,0,16998,276,-1812,-504,8320,13952,0,0,0,0,0,0,0,0,0,0,0,0
10301,556,-1344,-1448,10036,12160,0,0,0,15900,132,-1223,-676,9900,12628,0,0,0,0,0,0,0,0,0,0,0,0
8476,117,-1349,-1308,11020,11148,0,0,0,14053,-336,-1228,-680,10920,11700,0,0,0,0,0,0,0,0,0,0,0,0
6996,-2217,-1898,-1632,12252,9956,0,0,0,12483,-2540,-1793,-1116,12228,10628,0,0,0,0,0,0,0,0,0,0,0,0
5455,-1238,-1681,-1092,13592,8760,0,0,0,11012,-1461,-1491,-392,13516,9492,0,0,0,0,0,0,0,0,0,0,0,0
5864,1177,-202,-1092,14756,7436,0,0,0,11670,876,51,-400,14408,8388,0,0,0,0,0,0,0,0,0,0,0,0
5348,936,767,-1924,13764,7772,0,0,0,11158,668,963,-1748,13700,9212,0,0,0,0,0,0,0,0,0,0,0,0
4755,2660,1074,-1908,14844,6716,0,0,0,10598,2412,1323,-1316,14764,7636,0,0,0,0,0,0,0,0,0,0,0,0
4735,3256,265,-2200,15036,5576,0,0,0,10460,3015,493,-1752,14984,7160,0,0,0,0,0,0,0,0,0,0,0,0
2744,1350,399,-192,15428,7852,0,0,0,8422,900,724,968,15124,9140,0,0,0,0,0,0,0,0,0,0,0,0
1450,476,3038,-536,14612,5780,0,0,0,7382,189,3288,-24,14436,6216,0,0,0,0,0,0,0,0,0,0,0,0
3282,2563,1779,-1684,14972,4676,0,0,0,9176,2350,1971,-1304,14964,5132,0,0,0,0,0,0,0,0,0,0,0,0
5679,4345,594,-1220,15360,4276,0,0,0,11547,4040,832,-868,15184,4772,0,0,0,0,0,0,0,0,0,0,0,0
6141,3652,-106,-1652,15484,4272,0,0,0,11899,3242,122,-1176,15372,5112,0,0,0,0,0,0,0,0,0,0,0,0
5445,2544,-85,-1184,15984,3900,0,0,0,11165,2216,145,-620,15980,4292,0,0,0,0,0,0,0,0,0,0,0,0
5322,3212,-323,-2164,16532,2356,0,0,0,11078,3054,-152,-2016,16348,3476,0,0,0,0,0,0,0,0,0,0,0,0
4648,2482,826,-372,16916,2188,0,0,0,10438,2095,1107,200,16628,2844,0,0,0,0,0,0,0,0,0,0,0,0
3584,1736,1518,-700,16184,1528,0,0,0,9386,1369,1744,-240,16072,2408,0,0,0,0,0,0,0,0,0,0,0,0
3388,1670,1151,-1420,16460,988,0,0,0,9247,1374,1378,-1220,16364,1624,0,0,0,0,0,0,0,0,0,0,0,0
3415,1658,713,-1488,16244,552,0,0,0,9187,1406,927,-1048,16200,1368,0,0,0,0,0,0,0,0,0,0,0,0
2040,1500,-28,-1164,16220,192,0,0,0,7748,1205,199,-1048,16000,1428,0,0,0,0,0,0,0,0,0,0,0,0
124,890,407,-572,16316,-180,0,0,0,5802,630,696,-204,16152,536,0,0,0,0,0,0,0,0,0,0,0,0
-946,553,408,-544,16652,-568,0,0,0,4786,290,727,-256,16456,244,0,0,0,0,0,0,0,0,0,0,0,0
-1545,1131,201,-456,16428,-756,0,0,0,4172,894,496,-312,16368,88,0,0,0,0,0,0,0,0,0,0,0,0
-1392,1050,556,-216,16816,448,0,0,0,4413,779,943,168,16772,1136,0,0,0,0,0,0,0,0,0,0,0,0
-562,546,642,-892,16192,-592,0,0,0,5224,300,910,-916,16164,80,0,0,0,0,0,0,0,0,0,0,0,0
-558,381,-743,-268,16600,-152,0,0,0,5070,79,-482,16,16420,656,0,0,0,0,0,0,0,0,0,0,0,0
-573,-102,-194,20,16652,36,0,0,0,5146,-405,88,284,16628,804,0,0,0,0,0,0,0,0,0,0,0,0
-332,133,133,-436,16684,-300,0,0,0,5358,-115,403,-72,16512,584,0,0,0,0,0,0,0,0,0,0,0,0
-595,880,-533,-168,16824,-316,0,0,0,5080,760,-238,-20,16568,440,0,0,0,0,0,0,0,0,0,0,0,0
-1142,882,-386,-36,16336,276,0,0,0,4471,649,-90,200,16248,1108,0,0,0,0,0,0,0,0,0,0,0,0
-2043,801,-741,-444,16580,708,0,0,0,3565,636,-422,-20,16532,1148,0,0,0,0,0,0,0,0,0,0,0,0
-3734,550,-949,-420,16680,1240,0,0,0,1847,347,-631,-140,16712,1920,0,0,0,0,0,0,0,0,0,0,0,0
-6588,612,-1019,-504,16224,2720,0,0,0,-1088,384,-590,-68,16056,3684,0,0,0,0,0,0,0,0,0,0,0,0
-10569,-863,-589,-1028,16536,4180,0,0,0,-4983,-985,-114,-300,16432,4912,0,0,0,0,0,0,0,0,0,0,0,0
-12881,798,-380,-504,16408,5396,0,0,0,-7339,625,120,-96,16132,6356,0,0,0,0,0,0,0,0,0,0,0,0
-15297,1407,-1297,-1120,16216,6668,0,0,0,-9769,1370,-746,-608,16248,7396,0,0,0,0,0,0,0,0,0,0,0,0
-16942,-2029,-874,-1216,15512,9512,0,0,0,-11375,-2045,-326,-628,15400,9748,0,0,0,0,0,0,0,0,0,0,0,0
-16099,2082,-633,-932,12740,10436,0,0,0,-10540,1999,-25,-280,12828,11332,0,0,0,0,0,0,0,0,0,0,0,0
-15887,32,-1325,-1556,12000,12460,0,0,0,-10366,-348,-782,-704,11868,12524,0,0,0,0,0,0,0,0,0,0,0,0
-15629,-104,-1982,-1964,9956,13488,0,0,0,-10110,-238,-1403,-1160,9732,13968,0,0,0,0,0,0,0,0,0,0,0,0
-14656,-1077,-2160,-1736,7196,14148,0,0,0,-9214,-1297,-1644,-916,7064,14776,0,0,0,0,0,0,0,0,0,0,0,0
-13191,-1557,-1054,-936,5040,15396,0,0,0,-7611,-1688,-512,52,4860,16008,0,0,0,0,0,0,0,0,0,0,0,0
-14659,-2270,-454,-1168,2852,15508,0,0,0,-9145,-2387,44,-516,2740,16172,0,0,0,0,0,0,0,0,0,0,0,0
-12750,9,631,-1380,528,16120,0,0,0,-6909,-44,1179,-612,220,15808,0,0,0,0,0,0,0,0,0,0,0,0
-8931,-2713,158,-1376,-608,13888,0,0,0,-3164,-3062,474,-1012,-756,13900,0,0,0,0,0,0,0,0,0,0,0,0
-5087,-5089,-705,-416,-2068,13248,0,0,0,583,-5282,-411,212,-2288,13360,0,0,0,0,0,0,0,0,0,0,0,0
-3036,-1027,-611,932,-3232,13388,0,0,0,2634,-1168,-270,1540,-3528,13540,0,0,0,0,0,0,0,0,0,0,0,0
469,863,414,164,-3188,15264,0,0,0,6299,578,712,744,-3436,15188,0,0,0,0,0,0,0,0,0,0,0,0
578,-112,-73,-420,-3360,16252,0,0,0,6189,-410,154,216,-3608,16788,0,0,0,0,0,0,0,0,0,0,0,0
-1228,-1087,-1024,72,-3552,15960,0,0,0,4360,-1339,-738,780,-3756,16212,0,0,0,0,0,0,0,0,0,0,0,0
-453,-53,219,368,-3372,15380,0,0,0,5345,-290,548,1152,-3740,15592,0,0,0,0,0,0,0,0,0,0,0,0
1749,260,557,172,-2784,15728,0,0,0,7529,-72,774,712,-3076,15852,0,0,0,0,0,0,0,0,0,0,0,0
1084,-886,-609,316,-2632,15472,0,0,0,6681,-1214,-376,956,-2928,15884,0,0,0,0,0,0,0,0,0,0,0,0
143,-234,-980,1008,-2532,16360,0,0,0,5714,-517,-700,1840,-2672,16820,0,0,0,0,0,0,0,0,0,0,0,0
130,193,-767,-164,-2384,15852,0,0,0,5833,-145,-478,644,-2696,16080,0,0,0,0,0,0,0,0,0,0,0,0
1198,-1074,105,60,-3216,15472,0,0,0,6888,-1295,372,860,-3580,15588,0,0,0,0,0,0,0,0,0,0,0,0
1123,257,538,684,-2892,15076,0,0,0,6867,-30,772,1324,-3244,15228,0,0,0,0,0,0,0,0,0,0,0,0
1469,79,-80,288,-2852,15244,0,0,0,7222,-192,138,876,-2956,15352,0,0,0,0,0,0,0,0,0,0,0,0
3660,1392,-77,168,-2096,15156,0,0,0,9492,1164,148,684,-2368,15016,0,0,0,0,0,0,0,0,0,0,0,0
6653,1708,402,216,-744,15244,0,0,0,12494,1271,598,928,-820,15456,0,0,0,0,0,0,0,0,0,0,0,0
10164,6273,-968,-892,1228,14564,0,0,0,15981,5910,-816,-328,1232,15296,0,0,0,0,0,0,0,0,0,0,0,0
13560,4285,-1468,-1224,2036,14108,0,0,0,19302,3784,-1326,-368,2116,14464,0,0,0,0,0,0,0,0,0,0,0,0
14877,6413,571,-2008,4292,14964,0,0,0,20767,6091,671,-1392,4364,15244,0,0,0,0,0,0,0,0,0,0,0,0
14411,3882,899,-2412,6580,14820,0,0,0,20200,3303,954,-1540,6768,15340,0,0,0,0,0,0,0,0,0,0,0,0
13722,1837,655,-2896,8256,13084,0,0,0,19558,1716,707,-2264,8084,13544,0,0,0,0,0,0,0,0,0,0,0,0
13454,1842,1249,-2556,10876,12812,0,0,0,19336,1318,1281,-1840,10820,13256,0,0,0,0,0,0,0,0,0,0,0,0
13622,4402,1107,-3268,11544,10816,0,0,0,19596,3978,1226,-2456,11752,11944,0,0,0,0,0,0,0,0,0,0,0,0
12159,2901,1621,-4372,13268,9684,0,0,0,18030,2585,1680,-3836,13296,10740,0,0,0,0,0,0,0,0,0,0,0,0
10392,5780,734,-3284,13068,8716,0,0,0,16205,5296,942,-2668,13080,9656,0,0,0,0,0,0,0,0,0,0,0,0
10657,5538,919,-3700,14672,6844,0,0,0,16537,5244,1088,-3360,14756,7744,0,0,0,0,0,0,0,0,0,0,0,0
9695,3916,1333,-3832,16072,5380,0,0,0,15497,3607,1488,-3224,15960,6320,0,0,0,0,0,0,0,0,0,0,0,0
7746,3035,1457,-3180,15588,4784,0,0,0,13600,2605,1668,-2564,15400,5352,0,0,0,0,0,0,0,0,0,0,0,0
5955,1265,1961,-3736,17320,3404,0,0,0,11760,989,2129,-3224,17264,4192,0,0,0,0,0,0,0,0,0,0,0,0
4295,2356,1934,-3872,15596,1896,0,0,0,10147,2019,2124,-3368,15540,2712,0,0,0,0,0,0,0,0,0,0,0,0
4620,2120,1320,-2988,15592,1092,0,0,0,10476,1842,1528,-2660,15636,1848,0,0,0,0,0,0,0,0,0,0,0,0
4563,1185,832,-2580,15952,444,0,0,0,10317,821,1026,-2264,16004,1312,0,0,0,0,0,0,0,0,0,0,0,0
3838,966,184,-2776,16420,-620,0,0,0,9569,763,412,-2560,16544,288,0,0,0,0,0,0,0,0,0,0,0,0
2189,950,80,-2008,16648,80,0,0,0,7802,637,344,-1620,16552,1064,0,0,0,0,0,0,0,0,0,0,0,0
459,-37,76,-2484,15908,-420,0,0,0,6084,-327,374,-2328,15788,524,0,0,0,0,0,0,0,0,0,0,0,0
-106,22,207,-2708,16324,-876,0,0,0,5570,-221,477,-2412,16264,32,0,0,0,0,0,0,0,0,0,0,0,0
-91,-28,-218,-2312,15768,-760,0,0,0,5611,-306,79,-1948,15792,64,0,0,0,0,0,0,0,0,0,0,0,0
83,137,-44,-2692,16360,-1232,0,0,0,5757,-152,256,-2328,16340,-376,0,0,0,0,0,0,0,0,0,0,0,0
212,81,-333,-2352,16280,-1340,0,0,0,5903,-190,-86,-2180,16364,-508,0,0,0,0,0,0,0,0,0,0,0,0
11,105,-603,-2308,16340,-1460,0,0,0,5656,-128,-295,-2152,16368,-456,0,0,0,0,0,0,0,0,0,0,0,0
-863,-682,-262,-1808,16512,-1220,0,0,0,4826,-934,48,-1656,16404,-348,0,0,0,0,0,0,0,0,0,0,0,0
-961,-225,-197,-2824,16008,-1364,0,0,0,4733,-456,69,-2684,15992,-240,0,0,0,0,0,0,0,0,0,0,0,0
-1456,-187,-985,-2388,16160,-592,0,0,0,4091,-546,-697,-2192,16124,400,0,0,0,0,0,0,0,0,0,0,0,0
-2914,-459,-1124,-2400,16352,180,0,0,0,2594,-686,-844,-2208,16308,984,0,0,0,0,0,0,0,0,0,0,0,0
-4371,-846,-1384,-2724,15824,1088,0,0,0,1217,-1134,-990,-2260,15864,1836,0,0,0,0,0,0,0,0,0,0,0,0
-5590,-1362,-1314,-3252,16020,1684,0,0,0,-84,-1596,-994,-3036,15972,2428,0,0,0,0,0,0,0,0,0,0,0,0
-7376,-2007,-2034,-3532,15940,2804,0,0,0,-1962,-2274,-1664,-3228,16028,3712,0,0,0,0,0,0,0,0,0,0,0,0
-9673,-3511,-2072,-3612,15860,4416,0,0,0,-4240,-3757,-1659,-3160,15812,5288,0,0,0,0,0,0,0,0,0,0,0,0
-11891,-4934,-1386,-3620,16424,5716,0,0,0,-6461,-5186,-930,-3240,16480,6948,0,0,0,0,0,0,0,0,0,0,0,0
-14293,-6657,-1551,-3252,15376,8120,0,0,0,-8858,-6874,-1109,-2732,15332,9044,0,0,0,0,0,0,0,0,0,0,0,0
-16855,-8517,-1788,-3144,14224,10212,0,0,0,-11509,-8674,-1303,-2592,14336,11128,0,0,0,0,0,0,0,0,0,0,0,0
-18829,-14845,-2407,-2096,11592,11412,0,0,0,-13508,-15065,-1825,-736,11708,11812,0,0,0,0,0,0,0,0,0,0,0,0
-15620,-7269,-572,-1428,9480,12892,0,0,0,-10043,-7297,-127,-744,9484,13232,0,0,0,0,0,0,0,0,0,0,0,0
-14704,-3821,-731,-304,7452,14784,0,0,0,-9106,-3819,-289,508,7300,15356,0,0,0,0,0,0,0,0,0,0,0,0
-15183,-914,-884,136,5196,16036,0,0,0,-9677,-1070,-327,660,4968,16292,0,0,0,0,0,0,0,0,0,0,0,0
-14094,-997,-1429,156,3552,14548,0,0,0,-8468,-983,-916,700,3192,14404,0,0,0,0,0,0,0,0,0,0,0,0
-9162,-1594,-1458,1000,1060,13144,0,0,0,-3462,-1871,-1028,1716,752,12904,0,0,0,0,0,0,0,0,0,0,0,0
-3697,-756,-310,1816,-412,13008,0,0,0,2069,-907,71,2492,-612,13040,0,0,0,0,0,0,0,0,0,0,0,0
-201,353,491,1428,-956,14152,0,0,0,5568,166,739,2248,-1216,14188,0,0,0,0,0,0,0,0,0,0,0,0
994,1951,401,592,-1268,15772,0,0,0,6723,1669,631,1176,-1456,16028,0,0,0,0,0,0,0,0,0,0,0,0
178,753,-364,500,-984,16416,0,0,0,5792,493,-128,1292,-1244,16876,0,0,0,0,0,0,0,0,0,0,0,0
-661,-383,-606,736,-896,16468,0,0,0,4956,-634,-387,1372,-1240,16660,0,0,0,0,0,0,0,0,0,0,0,0
-599,1074,-261,452,-1108,16188,0,0,0,5061,803,40,1216,-1280,16576,0,0,0,0,0,0,0,0,0,0,0,0
246,-511,-171,568,-1132,16292,0,0,0,5982,-841,64,1220,-1212,16404,0,0,0,0,0,0,0,0,0,0,0,0
451,-169,-94,664,-792,15760,0,0,0,6145,-375,136,1448,-1056,16176,0,0,0,0,0,0,0,0,0,0,0,0
188,-1120,-383,864,-776,15936,0,0,0,5824,-1403,-121,1620,-1104,16172,0,0,0,0,0,0,0,0,0,0,0,0
-336,-1533,-248,1220,-904,16020,0,0,0,5324,-1788,44,1912,-1048,16352,0,0,0,0,0,0,0,0,0,0,0,0
-511,-586,-103,1176,-936,16376,0,0,0,5172,-844,159,2000,-1272,16632,0,0,0,0,0,0,0,0,0,0,0,0
122,3722,-576,640,-720,16088,0,0,0,5833,3589,-280,1352,-880,16220,0,0,0,0,0,0,0,0,0,0,0,0
155,6207,-1470,76,-632,16628,0,0,0,5825,5850,-1142,636,-844,16952,0,0,0,0,0,0,0,0,0,0,0,0
330,7423,-749,8,-980,15364,0,0,0,6037,7511,-335,756,-1292,15768,0,0,0,0,0,0,0,0,0,0,0,0
1173,12571,313,-2076,-764,15116,0,0,0,7099,12603,764,-1456,-888,15496,0,0,0,0,0,0,0,0,0,0,0,0
2103,16652,428,-4308,-236,14640,0,0,0,8060,16760,938,-3644,-356,15076,0,0,0,0,0,0,0,0,0,0,0,0
2321,19625,440,-7456,-280,14020,0,0,0,8319,19629,950,-6892,-288,14584,0,0,0,0,0,0,0,0,0,0,0,0
4118,18916,1385,-9484,584,11376,0,0,0,10146,19176,1934,-8864,480,12136,0,0,0,0,0,0,0,0,0,0,0,0
4248,26462,2800,-11664,1736,9356,0,0,0,10551,26633,3385,-11072,1848,10056,0,0,0,0,0,0,0,0,0,0,0,0
5661,17813,1041,-14780,2496,7168,0,0,0,11718,17442,1428,-14652,2380,8604,0,0,0,0,0,0,0,0,0,0,0,0
5844,16326,431,-15616,2176,4984,0,0,0,11769,16416,816,-15560,2352,6240,0,0,0,0,0,0,0,0,0,0,0,0
5055,16977,428,-15844,2816,2456,0,0,0,10981,16959,863,-15692,2816,3784,0,0,0,0,0,0,0,0,0,0,0,0
4339,16467,-576,-16668,2756,-20,0,0,0,10155,16279,-203,-16964,2936,1560,0,0,0,0,0,0,0,0,0,0,0,0
3866,14627,-1806,-16176,2780,-2492,0,0,0,9617,14406,-1396,-16276,2928,-760,0,0,0,0,0,0,0,0,0,0,0,0
3961,14562,-1871,-15464,2596,-5288,0,0,0,9758,14755,-1452,-15684,2704,-4108,0,0,0,0,0,0,0,0,0,0,0,0
4169,17599,-995,-14292,2244,-7676,0,0,0,10001,17553,-487,-14468,2424,-6168,0,0,0,0,0,0,0,0,0,0,0,0
3188,11114,1846,-11360,2536,-9408,0,0,0,9136,10753,2254,-11512,2704,-8016,0,0,0,0,0,0,0,0,0,0,0,0
3231,14823,1489,-13760,1496,-11812,0,0,0,9237,14840,1840,-14292,1636,-10444,0,0,0,0,0,0,0,0,0,0,0,0
3639,6846,834,-10920,1180,-12816,0,0,0,9483,6660,1158,-11272,1496,-11472,0,0,0,0,0,0,0,0,0,0,0,0
2456,8825,270,-9872,1508,-13064,0,0,0,8287,8600,661,-10144,1764,-11704,0,0,0,0,0,0,0,0,0,0,0,0
2518,8472,520,-9724,696,-14792,0,0,0,8381,8363,846,-10288,976,-13492,0,0,0,0,0,0,0,0,0,0,0,0
2836,7341,104,-7528,336,-15304,0,0,0,8637,6965,450,-8088,600,-13972,0,0,0,0,0,0,0,0,0,0,0,0
1524,2064,406,-7500,804,-13808,0,0,0,7176,1696,658,-8260,984,-12400,0,0,0,0,0,0,0,0,0,0,0,0
-511,48,-459,-6960,212,-14684,0,0,0,5080,-393,-160,-7488,396,-13476,0,0,0,0,0,0,0,0,0,0,0,0
-1589,73,-1171,-7764,168,-15424,0,0,0,4041,-69,-878,-8392,232,-14300,0,0,0,0,0,0,0,0,0,0,0,0
-898,-1965,-784,-7264,400,-16120,0,0,0,4703,-2188,-554,-7816,668,-14748,0,0,0,0,0,0,0,0,0,0,0,0
82,-1745,-309,-7620,504,-15400,0,0,0,5726,-2033,-82,-8088,624,-14004,0,0,0,0,0,0,0,0,0,0,0,0
-215,-1323,-636,-7560,516,-14804,0,0,0,5410,-1697,-366,-7912,736,-13620,0,0,0,0,0,0,0,0,0,0,0,0
-762,-2600,-1030,-8180,36,-15260,0,0,0,4797,-2881,-798,-8648,240,-14108,0,0,0,0,0,0,0,0,0,0,0,0
-852,-9899,-881,-9028,80,-14236,0,0,0,4635,-10337,-741,-9600,292,-13184,0,0,0,0,0,0,0,0,0,0,0,0
-506,-12909,-455,-10032,640,-13512,0,0,0,4979,-13268,-375,-10712,780,-12228,0,0,0,0,0,0,0,0,0,0,0,0
-1686,-11282,-1249,-11784,612,-11588,0,0,0,3707,-11684,-1120,-12204,712,-10196,0,0,0,0,0,0,0,0,0,0,0,0
-3370,-14138,-969,-13040,744,-9956,0,0,0,2008,-14599,-810,-13476,912,-8448,0,0,0,0,0,0,0,0,0,0,0,0
-4043,-19473,-840,-13920,828,-8288,0,0,0,1354,-20359,-758,-14208,1084,-6844,0,0,0,0,0,0,0,0,0,0,0,0
-6191,-25022,-146,-15476,1192,-3760,0,0,0,-892,-24819,-119,-15516,1240,-2332,0,0,0,0,0,0,0,0,0,0,0,0
-4275,-17288,-313,-16624,1120,-2424,0,0,0,1246,-18045,-253,-16900,1308,-1196,0,0,0,0,0,0,0,0,0,0,0,0
-2676,-14364,-1109,-16420,1196,572,0,0,0,2756,-14524,-977,-16424,1272,1976,0,0,0,0,0,0,0,0,0,0,0,0
-1772,-18683,-1272,-15824,884,3792,0,0,0,3553,-19180,-1228,-15384,1064,5452,0,0,0,0,0,0,0,0,0,0,0,0
-2763,-19182,-474,-14240,880,6808,0,0,0,2626,-19783,-371,-13804,900,8084,0,0,0,0,0,0,0,0,0,0,0,0
-2490,-19922,-708,-12840,500,9112,0,0,0,2856,-20367,-708,-12512,536,10332,0,0,0,0,0,0,0,0,0,0,0,0
-2971,-19288,-701,-10192,160,11844,0,0,0,2389,-19677,-627,-9492,-44,13048,0,0,0,0,0,0,0,0,0,0,0,0
-3959,-19039,-541,-8404,-956,14340,0,0,0,1404,-19532,-497,-7800,-1224,15296,0,0,0,0,0,0,0,0,0,0,0,0
-4108,-19415,-1304,-5772,-1136,14772,0,0,0,1239,-19787,-1232,-5148,-1224,15360,0,0,0,0,0,0,0,0,0,0,0,0
-3384,-18507,-1826,-2536,-1764,15056,0,0,0,1937,-18913,-1750,-1968,-2004,15396,0,0,0,0,0,0,0,0,0,0,0,0
-2579,-19941,-1876,704,-2180,15360,0,0,0,2692,-20435,-1883,1480,-2464,15544,0,0,0,0,0,0,0,0,0,0,0,0
-2222,-17891,-1803,3804,-2724,15276,0,0,0,3093,-18412,-1730,4380,-3024,15404,0,0,0,0,0,0,0,0,0,0,0,0
-1143,-16048,-1718,7040,-2700,13908,0,0,0,4246,-16534,-1634,7688,-3060,13884,0,0,0,0,0,0,0,0,0,0,0,0
-226,-17176,-2193,8776,-2796,12564,0,0,0,5074,-17670,-2189,9340,-3040,12444,0,0,0,0,0,0,0,0,0,0,0,0
-1615,-18338,-2517,12204,-2668,11060,0,0,0,3622,-18587,-2425,13012,-3080,10892,0,0,0,0,0,0,0,0,0,0,0,0
-1534,-17751,-1818,13744,-2480,8616,0,0,0,3811,-18265,-1761,14084,-2792,8040,0,0,0,0,0,0,0,0,0,0,0,0
-899,-16365,-1411,15216,-2228,6052,0,0,0,4482,-16909,-1374,15512,-2520,5704,0,0,0,0,0,0,0,0,0,0,0,0
-565,-15007,-1038,15732,-2116,3640,0,0,0,4854,-15465,-988,16032,-2360,3308,0,0,0,0,0,0,0,0,0,0,0,0
-524,-14959,-1012,16468,-2172,1472,0,0,0,4899,-15416,-926,16604,-2516,1352,0,0,0,0,0,0,0,0,0,0,0,0
-636,-13117,-874,16208,-2012,-992,0,0,0,4832,-13540,-798,16368,-2280,-1228,0,0,0,0,0,0,0,0,0,0,0,0
-834,-16158,-1120,16332,-2096,-2276,0,0,0,4559,-16651,-1058,16480,-2244,-2728,0,0,0,0,0,0,0,0,0,0,0,0
-1146,-13839,-608,16456,-1712,-5392,0,0,0,4285,-14091,-475,16332,-1892,-5584,0,0,0,0,0,0,0,0,0,0,0,0
-2005,-17235,-910,15172,-1116,-7132,0,0,0,3361,-17778,-846,14848,-1344,-7520,0,0,0,0,0,0,0,0,0,0,0,0
-1590,-11649,-609,13768,-1304,-10236,0,0,0,3918,-12022,-484,13464,-1360,-10180,0,0,0,0,0,0,0,0,0,0,0,0
-1463,-12641,-702,12276,-1316,-11656,0,0,0,4003,-13035,-565,11936,-1444,-11656,0,0,0,0,0,0,0,0,0,0,0,0
-1051,-10216,-255,11208,-780,-13464,0,0,0,4502,-10362,-93,10840,-788,-13272,0,0,0,0,0,0,0,0,0,0,0,0
-425,-1915,63,10336,-708,-14104,0,0,0,5201,-2093,307,9860,-720,-13820,0,0,0,0,0,0,0,0,0,0,0,0
-835,-6881,-521,9848,-1008,-13984,0,0,0,4762,-7313,-325,9408,-952,-13804,0,0,0,0,0,0,0,0,0,0,0,0
-318,-4753,-209,9204,-764,-14824,0,0,0,5272,-5047,10,8756,-828,-14352,0,0,0,0,0,0,0,0,0,0,0,0
-466,-167,166,8928,-688,-15568,0,0,0,5201,-185,467,8572,-636,-14992,0,0,0,0,0,0,0,0,0,0,0,0
-187,822,-152,8656,-644,-14772,0,0,0,5455,543,120,8024,-648,-14332,0,0,0,0,0,0,0,0,0,0,0,0
-218,-2605,-358,8892,-632,-15148,0,0,0,5417,-2757,-91,8620,-744,-14820,0,0,0,0,0,0,0,0,0,0,0,0
-126,-1638,-111,8308,-848,-15108,0,0,0,5495,-1904,150,7956,-792,-14744,0,0,0,0,0,0,0,0,0,0,0,0
-140,2415,-80,8380,-672,-15260,0,0,0,5594,2273,251,7920,-812,-14904,0,0,0,0,0,0,0,0,0,0,0,0
186,9507,41,9196,-772,-15144,0,0,0,5997,9654,465,8756,-688,-14816,0,0,0,0,0,0,0,0,0,0,0,0
621,18119,41,10528,-992,-13896,0,0,0,6558,18167,552,10084,-1044,-13644,0,0,0,0,0,0,0,0,0,0,0,0
320,12327,-453,12372,-1084,-11636,0,0,0,6089,12129,-4,12080,-1180,-11344,0,0,0,0,0,0,0,0,0,0,0,0
1086,25593,632,13932,-932,-10824,0,0,0,7173,26038,1307,13932,-1096,-10856,0,0,0,0,0,0,0,0,0,0,0,0
1455,18460,428,14892,-1072,-6672,0,0,0,7440,18185,896,14628,-1100,-6860,0,0,0,0,0,0,0,0,0,0,0,0
1572,15020,-650,16040,-1416,-3252,0,0,0,7396,14880,-171,16056,-1544,-3268,0,0,0,0,0,0,0,0,0,0,0,0
1766,16061,-1081,16424,-1160,-1744,0,0,0,7552,16185,-640,16528,-1440,-2068,0,0,0,0,0,0,0,0,0,0,0,0
2038,22085,-622,16508,-1076,1800,0,0,0,7954,21836,-16,16832,-1408,1608,0,0,0,0,0,0,0,0,0,0,0,0
1982,19098,495,15944,-1140,3500,0,0,0,7948,19435,1059,16160,-1360,3372,0,0,0,0,0,0,0,0,0,0,0,0
1382,24524,1654,14816,-952,8428,0,0,0,7442,24103,2275,15408,-1184,8148,0,0,0,0,0,0,0,0,0,0,0,0
312,22009,3232,13404,-1688,9788,0,0,0,6479,22526,3837,13900,-1980,9544,0,0,0,0,0,0,0,0,0,0,0,0
-1701,31067,5922,10600,-2208,12820,0,0,0,4801,31406,6707,11124,-2616,12208,0,0,0,0,0,0,0,0,0,0,0,0
-1052,16830,4934,4500,-1792,14672,0,0,0,5187,16218,5402,4796,-1932,14620,0,0,0,0,0,0,0,0,0,0,0,0
858,14540,3710,2544,-2444,15088,0,0,0,7028,14474,4141,3084,-2592,14928,0,0,0,0,0,0,0,0,0,0,0,0
2545,4578,2296,1020,-2212,15532,0,0,0,8470,4140,2528,1516,-2600,15708,0,0,0,0,0,0,0,0,0,0,0,0
1926,1412,791,28,-2248,16808,0,0,0,7616,983,992,564,-2544,17292,0,0,0,0,0,0,0,0,0,0,0,0
-11,-1008,-505,764,-2068,16712,0,0,0,5580,-1285,-281,1536,-2352,17100,0,0,0,0,0,0,0,0,0,0,0,0
-535,-607,-591,1248,-2256,16380,0,0,0,5086,-831,-289,2116,-2540,16528,0,0,0,0,0,0,0,0,0,0,0,0
-696,-666,-80,1244,-2204,15912,0,0,0,4982,-979,208,2000,-2436,16052,0,0,0,0,0,0,0,0,0,0,0,0
-655,81,-20,1256,-1964,15284,0,0,0,5064,-85,286,1800,-2152,15576,0,0,0,0,0,0,0,0,0,0,0,0
952,1064,-67,1248,-1780,15360,0,0,0,6653,771,234,1896,-1988,15364,0,0,0,0,0,0,0,0,0,0,0,0
3422,2364,401,848,-1460,15400,0,0,0,9252,2270,629,1584,-1592,15292,0,0,0,0,0,0,0,0,0,0,0,0
8015,6837,951,216,-356,14612,0,0,0,13951,6469,1204,764,-544,14368,0,0,0,0,0,0,0,0,0,0,0,0
9606,8234,1425,-812,872,14656,0,0,0,15561,8138,1662,-196,804,14652,0,0,0,0,0,0,0,0,0,0,0,0
9037,9829,2251,-1688,1660,16232,0,0,0,14924,9492,2510,-1072,1660,16868,0,0,0,0,0,0,0,0,0,0,0,0
7989,8496,2885,-3372,3224,16072,0,0,0,14003,8090,3153,-2788,3016,16660,0,0,0,0,0,0,0,0,0,0,0,0
7343,5371,3223,-4564,4260,15204,0,0,0,13331,5008,3439,-3976,4128,15788,0,0,0,0,0,0,0,0,0,0,0,0
7929,5634,3033,-5516,5452,14160,0,0,0,13905,5299,3221,-4728,5376,14668,0,0,0,0,0,0,0,0,0,0,0,0
9302,4865,3476,-5856,6624,12312,0,0,0,15329,4473,3626,-5256,6656,13036,0,0,0,0,0,0,0,0,0,0,0,0
8317,5028,3034,-6132,8344,13220,0,0,0,14266,4691,3208,-5484,8140,13904,0,0,0,0,0,0,0,0,0,0,0,0
6553,4387,3044,-6184,9760,12580,0,0,0,12503,4097,3237,-5608,9512,13400,0,0,0,0,0,0,0,0,0,0,0,0
4873,3994,2568,-6572,10108,11108,0,0,0,10763,3725,2808,-6016,9972,11804,0,0,0,0,0,0,0,0,0,0,0,0
3272,1064,1682,-6732,10764,10804,0,0,0,9054,835,1851,-6100,10636,11760,0,0,0,0,0,0,0,0,0,0,0,0
2019,7,1388,-6600,11208,10564,0,0,0,7725,-342,1556,-6064,11196,11508,0,0,0,0,0,0,0,0,0,0,0,0
145,229,411,-6224,11368,10268,0,0,0,5813,-73,714,-5592,11348,11352,0,0,0,0,0,0,0,0,0,0,0,0
-412,-73,-150,-5924,11216,9780,0,0,0,5240,-286,93,-5428,11108,10684,0,0,0,0,0,0,0,0,0,0,0,0
-628,9,-568,-6000,10908,9900,0,0,0,4992,-292,-265,-5456,10932,10564,0,0,0,0,0,0,0,0,0,0,0,0
-590,674,-414,-6284,11028,9684,0,0,0,5070,392,-113,-5572,10944,10488,0,0,0,0,0,0,0,0,0,0,0,0
-335,-144,-436,-6276,11136,9888,0,0,0,5300,-464,-161,-5584,11148,10904,0,0,0,0,0,0,0,0,0,0,0,0
-1163,-1166,-309,-5976,11088,10508,0,0,0,4415,-1433,-8,-5372,11024,11456,0,0,0,0,0,0,0,0,0,0,0,0
-3650,-2841,-439,-5792,10984,11624,0,0,0,1892,-3145,-127,-5160,10848,12588,0,0,0,0,0,0,0,0,0,0,0,0
-6484,-5006,-790,-5788,10352,12064,0,0,0,-1028,-5368,-455,-5076,10356,12960,0,0,0,0,0,0,0,0,0,0,0,0
-7881,-4712,-1414,-5192,9328,12164,0,0,0,-2424,-4843,-1081,-4728,9220,12868,0,0,0,0,0,0,0,0,0,0,0,0
-8429,-1474,-2517,-5344,8284,12928,0,0,0,-3009,-1747,-2135,-4688,8176,13720,0,0,0,0,0,0,0,0,0,0,0,0
-10477,-4795,-4477,-4796,6696,13512,0,0,0,-5345,-5099,-4136,-4268,6716,14244,0,0,0,0,0,0,0,0,0,0,0,0
-11637,-11712,-4180,-5120,5320,15320,0,0,0,-6499,-11855,-3842,-4136,5416,15868,0,0,0,0,0,0,0,0,0,0,0,0
-10793,-5048,-3421,-3104,3388,15500,0,0,0,-5412,-5242,-2997,-2264,3172,15608,0,0,0,0,0,0,0,0,0,0,0,0
-9545,-4496,-2910,-2376,1640,14800,0,0,0,-4186,-4603,-2503,-1684,1632,15476,0,0,0,0,0,0,0,0,0,0,0,0
-9278,-5219,-3446,-2048,160,15544,0,0,0,-3928,-5448,-3097,-1468,84,15760,0,0,0,0,0,0,0,0,0,0,0,0
-6292,-5015,-3060,-1128,-732,14776,0,0,0,-654,-5204,-2700,-304,-908,14496,0,0,0,0,0,0,0,0,0,0,0,0
3964,306,-1082,228,-2192,15148,0,0,0,9634,111,-794,1168,-2236,15152,0,0,0,0,0,0,0,0,0,0,0,0
1664,269,-442,456,-816,14944,0,0,0,7140,-176,-272,1088,-1156,15632,0,0,0,0,0,0,0,0,0,0,0,0
-1033,-1829,-1300,840,-1108,16224,0,0,0,4463,-2114,-1030,1640,-1388,16728,0,0,0,0,0,0,0,0,0,0,0,0
-1583,266,-230,812,-1516,16356,0,0,0,4115,99,108,1436,-1860,16516,0,0,0,0,0,0,0,0,0,0,0,0
-428,835,535,-340,-1596,16724,0,0,0,5295,563,840,460,-1940,16916,0,0,0,0,0,0,0,0,0,0,0,0
-681,-511,513,-324,-1416,16016,0,0,0,4982,-816,790,388,-1648,16456,0,0,0,0,0,0,0,0,0,0,0,0
-1184,-1656,-55,204,-1364,15888,0,0,0,4439,-1987,206,764,-1700,16112,0,0,0,0,0,0,0,0,0,0,0,0
-2450,-3357,-83,668,-2088,16404,0,0,0,3137,-3665,189,1384,-2564,16768,0,0,0,0,0,0,0,0,0,0,0,0
-5532,-8296,369,1464,-2700,16808,0,0,0,-80,-8806,647,2272,-2952,17436,0,0,0,0,0,0,0,0,0,0,0,0
-7960,-7168,340,1820,-3432,15940,0,0,0,-2380,-7283,626,2404,-3576,16276,0,0,0,0,0,0,0,0,0,0,0,0
-8297,-6986,-342,3396,-4504,15084,0,0,0,-2755,-7256,-23,4068,-4720,15192,0,0,0,0,0,0,0,0,0,0,0,0
-8274,-5610,249,4364,-5436,14272,0,0,0,-2683,-5835,617,4816,-5552,14364,0,0,0,0,0,0,0,0,0,0,0,0
-9424,-5708,632,4948,-6732,13920,0,0,0,-3898,-6028,1014,5620,-6992,13980,0,0,0,0,0,0,0,0,0,0,0,0
-10711,-5350,1599,5288,-7856,12516,0,0,0,-5005,-5552,2002,5764,-7968,12560,0,0,0,0,0,0,0,0,0,0,0,0
-10019,-4767,1828,5796,-9620,11392,0,0,0,-4272,-4949,2222,6180,-9740,11408,0,0,0,0,0,0,0,0,0,0,0,0
-8119,-3509,1367,6216,-10176,10352,0,0,0,-2359,-3710,1701,6632,-10252,10260,0,0,0,0,0,0,0,0,0,0,0,0
-6049,-2950,-29,6988,-10960,9156,0,0,0,-396,-3181,292,7164,-11180,9316,0,0,0,0,0,0,0,0,0,0,0,0
-5239,-2554,-75,6776,-11764,8584,0,0,0,374,-2789,238,7128,-11956,8544,0,0,0,0,0,0,0,0,0,0,0,0
-5560,-4131,-115,7436,-12188,7708,0,0,0,10,-4424,252,7868,-12312,7756,0,0,0,0,0,0,0,0,0,0,0,0
-5552,-1396,1163,7028,-12948,6280,0,0,0,182,-1436,1525,7212,-12980,6316,0,0,0,0,0,0,0,0,0,0,0,0
-4003,861,313,7564,-12720,5908,0,0,0,1757,601,631,7608,-12840,5992,0,0,0,0,0,0,0,0,0,0,0,0
-2793,-1030,-437,7844,-13440,5804,0,0,0,2884,-1283,-149,8076,-13580,5616,0,0,0,0,0,0,0,0,0,0,0,0
-1339,-421,-492,7516,-13408,5380,0,0,0,4368,-678,-182,7684,-13736,5228,0,0,0,0,0,0,0,0,0,0,0,0
-538,-328,-50,7616,-13664,5004,0,0,0,5141,-582,237,7856,-13840,5108,0,0,0,0,0,0,0,0,0,0,0,0
36,387,15,7492,-13660,5244,0,0,0,5733,142,313,7732,-13820,5232,0,0,0,0,0,0,0,0,0,0,0,0
532,486,114,7264,-13396,5560,0,0,0,6252,236,396,7480,-13532,5348,0,0,0,0,0,0,0,0,0,0,0,0
2193,1285,298,7164,-13696,5840,0,0,0,7938,1006,509,7312,-13912,5620,0,0,0,0,0,0,0,0,0,0,0,0
4255,1656,-682,7616,-13336,5872,0,0,0,9960,1385,-505,7684,-13420,5888,0,0,0,0,0,0,0,0,0,0,0,0
5628,2434,-1115,7248,-12628,6604,0,0,0,11272,2119,-914,7424,-12672,6640,0,0,0,0,0,0,0,0,0,0,0,0
6323,3138,-887,6848,-12340,7492,0,0,0,11995,2873,-681,7172,-12524,7468,0,0,0,0,0,0,0,0,0,0,0,0
7105,4778,-281,6996,-11724,8216,0,0,0,12872,4572,-47,7316,-11768,7872,0,0,0,0,0,0,0,0,0,0,0,0
8408,7188,548,6268,-11300,9932,0,0,0,14275,6944,789,6540,-11388,10008,0,0,0,0,0,0,0,0,0,0,0,0
9268,6794,439,4924,-10152,11464,0,0,0,15107,6493,606,5224,-10196,11620,0,0,0,0,0,0,0,0,0,0,0,0
9821,6820,-432,4092,-9084,12960,0,0,0,15609,6529,-258,4540,-9236,12980,0,0,0,0,0,0,0,0,0,0,0,0
10309,6987,-40,2948,-7000,12852,0,0,0,16131,6748,146,3492,-7280,12860,0,0,0,0,0,0,0,0,0,0,0,0
13073,8242,19,2504,-5140,12908,0,0,0,18944,7965,200,2916,-5152,12828,0,0,0,0,0,0,0,0,0,0,0,0
12999,9106,357,992,-3788,14272,0,0,0,18815,8877,571,1592,-3900,14728,0,0,0,0,0,0,0,0,0,0,0,0
7893,5660,-131,-272,-3212,16856,0,0,0,13541,5295,79,340,-3416,17796,0,0,0,0,0,0,0,0,0,0,0,0
3335,3031,-681,-268,-2828,18284,0,0,0,8907,2634,-439,528,-3020,18864,0,0,0,0,0,0,0,0,0,0,0,0
397,243,-443,-452,-2532,17652,0,0,0,5988,1,-122,216,-2800,18096,0,0,0,0,0,0,0,0,0,0,0,0
-716,-590,-192,-596,-1912,16316,0,0,0,4912,-903,93,136,-2136,16476,0,0,0,0,0,0,0,0,0,0,0,0
-965,-1327,-383,4,-1960,15608,0,0,0,4657,-1554,-112,720,-2340,15800,0,0,0,0,0,0,0,0,0,0,0,0
-892,-248,-423,-52,-2084,15480,0,0,0,4729,-461,-161,564,-2300,15840,0,0,0,0,0,0,0,0,0,0,0,0
-429,-84,-996,-436,-2140,15552,0,0,0,5193,-382,-735,124,-2332,15856,0,0,0,0,0,0,0,0,0,0,0,0
500,-434,-2080,-536,-2332,15612,0,0,0,6085,-647,-1803,132,-2608,16104,0,0,0,0,0,0,0,0,0,0,0,0
832,-1290,-3125,-440,-1928,16060,0,0,0,6282,-1601,-2919,184,-2212,16200,0,0,0,0,0,0,0,0,0,0,0,0
1501,-2121,-3619,628,-2180,16320,0,0,0,6961,-2503,-3402,1364,-2348,16388,0,0,0,0,0,0,0,0,0,0,0,0
3404,-8192,-3474,1128,-1432,15396,0,0,0,8751,-8754,-3356,1912,-1576,15500,0,0,0,0,0,0,0,0,0,0,0,0
4535,-11379,-3449,2580,-908,14816,0,0,0,9840,-11867,-3458,3276,-1136,15088,0,0,0,0,0,0,0,0,0,0,0,0
8496,-10169,-4011,4020,320,12988,0,0,0,13886,-10714,-4096,4476,-8,12740,0,0,0,0,0,0,0,0,0,0,0,0
10488,-8157,-5993,6216,1440,15820,0,0,0,15596,-8440,-5990,7108,1228,15912,0,0,0,0,0,0,0,0,0,0,0,0
7382,-5027,-5945,7368,3824,15212,0,0,0,12500,-5570,-5842,8064,3444,15400,0,0,0,0,0,0,0,0,0,0,0,0
4808,-5445,-5564,7664,4856,14608,0,0,0,10018,-5826,-5420,8576,4508,14612,0,0,0,0,0,0,0,0,0,0,0,0
3934,-6215,-5023,7964,5596,13252,0,0,0,9133,-6520,-4858,8820,5460,13272,0,0,0,0,0,0,0,0,0,0,0,0
2984,-3163,-3937,8892,6700,12428,0,0,0,8354,-3519,-3721,9748,6364,12092,0,0,0,0,0,0,0,0,0,0,0,0
3479,367,-1752,9200,7536,12124,0,0,0,9046,138,-1490,10160,7228,12012,0,0,0,0,0,0,0,0,0,0,0,0
2346,3,-52,8712,7856,12692,0,0,0,7953,-326,211,9388,7488,12944,0,0,0,0,0,0,0,0,0,0,0,0
-96,2504,369,8168,7948,13080,0,0,0,5569,2204,649,8812,7604,13348,0,0,0,0,0,0,0,0,0,0,0,0
-1462,2642,154,7972,7276,12484,0,0,0,4254,2509,491,8716,6940,12568,0,0,0,0,0,0,0,0,0,0,0,0
-2360,5271,290,7708,7056,13104,0,0,0,3344,4964,693,8340,6784,13300,0,0,0,0,0,0,0,0,0,0,0,0
-4809,3028,843,7920,7132,13976,0,0,0,845,2688,1301,8712,6820,14328,0,0,0,0,0,0,0,0,0,0,0,0
-7331,2103,1909,7136,6264,14308,0,0,0,-1543,1855,2384,7980,5996,14588,0,0,0,0,0,0,0,0,0,0,0,0
-6737,404,2216,7012,5196,14328,0,0,0,-913,288,2601,7816,4880,14156,0,0,0,0,0,0,0,0,0,0,0,0
-7483,5058,2982,6936,3924,14508,0,0,0,-1624,5101,3477,7780,3556,14356,0,0,0,0,0,0,0,0,0,0,0,0
-9665,8971,4621,6448,2864,13988,0,0,0,-3647,9123,5267,7416,2652,14476,0,0,0,0,0,0,0,0,0,0,0,0
-8915,5284,5255,5396,936,15740,0,0,0,-2685,5070,5729,6076,600,15696,0,0,0,0,0,0,0,0,0,0,0,0
-6262,17841,6396,4156,-912,15976,0,0,0,26,17982,7057,4916,-1124,15908,0,0,0,0,0,0,0,0,0,0,0,0
-7756,6797,6393,1560,-660,14612,0,0,0,-1593,6679,6909,2184,-976,14768,0,0,0,0,0,0,0,0,0,0,0,0
-6816,3153,4416,352,-1640,14256,0,0,0,-724,3024,4799,860,-1880,14548,0,0,0,0,0,0,0,0,0,0,0,0
-3843,-318,3923,760,-2628,14092,0,0,0,2172,-579,4195,1148,-2848,13960,0,0,0,0,0,0,0,0,0,0,0,0
1365,-257,2222,248,-3452,15260,0,0,0,7301,-521,2421,808,-3720,15112,0,0,0,0,0,0,0,0,0,0,0,0
2711,797,1082,-588,-3124,15908,0,0,0,8434,433,1265,-276,-3252,16220,0,0,0,0,0,0,0,0,0,0,0,0
1390,321,-697,-664,-3056,16408,0,0,0,6959,50,-470,-20,-3040,16944,0,0,0,0,0,0,0,0,0,0,0,0
272,-824,-1993,24,-2772,16328,0,0,0,5756,-1074,-1769,708,-2932,16668,0,0,0,0,0,0,0,0,0,0,0,0
-67,-804,-3052,-296,-2864,16292,0,0,0,5321,-976,-2778,464,-3024,16456,0,0,0,0,0,0,0,0,0,0,0,0
-1503,576,-3928,544,-2768,16004,0,0,0,3823,489,-3625,1120,-2976,16428,0,0,0,0,0,0,0,0,0,0,0,0
-3525,3970,-4041,352,-2732,15684,0,0,0,1778,3839,-3636,1000,-2968,16316,0,0,0,0,0,0,0,0,0,0,0,0
-6019,8231,-3130,44,-4096,15684,0,0,0,-574,8343,-2593,672,-4192,16288,0,0,0,0,0,0,0,0,0,0,0,0
-8338,5814,-3605,-1284,-4812,16224,0,0,0,-2932,5565,-3078,-576,-4784,16712,0,0,0,0,0,0,0,0,0,0,0,0
-9430,3293,-3661,-2128,-6020,15140,0,0,0,-4038,3127,-3151,-1392,-6132,15492,0,0,0,0,0,0,0,0,0,0,0,0
-8142,4180,-3188,-2136,-7368,14080,0,0,0,-2640,4049,-2665,-1560,-7444,14492,0,0,0,0,0,0,0,0,0,0,0,0
-7533,3850,-2457,-2376,-7688,12560,0,0,0,-2052,3734,-1946,-1752,-7896,12872,0,0,0,0,0,0,0,0,0,0,0,0
-7589,3720,-1890,-2556,-9528,12380,0,0,0,-2003,3544,-1430,-2136,-9672,12716,0,0,0,0,0,0,0,0,0,0,0,0
-7957,2442,-1770,-3296,-10480,10840,0,0,0,-2473,2205,-1290,-2876,-10612,11464,0,0,0,0,0,0,0,0,0,0,0,0
-8046,1635,-938,-3212,-10924,10176,0,0,0,-2414,1510,-477,-2952,-10960,10332,0,0,0,0,0,0,0,0,0,0,0,0
-6881,-474,-895,-3396,-12572,8724,0,0,0,-1240,-657,-534,-3296,-12648,9200,0,0,0,0,0,0,0,0,0,0,0,0
-4122,11,-1302,-3064,-12752,8952,0,0,0,1461,-220,-939,-2612,-12956,9452,0,0,0,0,0,0,0,0,0,0,0,0
-2076,-1233,-1188,-2852,-14564,8328,0,0,0,3538,-1454,-862,-2548,-14544,8604,0,0,0,0,0,0,0,0,0,0,0,0
-225,-65,-277,-2872,-13524,8320,0,0,0,5478,-345,11,-2532,-13580,8676,0,0,0,0,0,0,0,0,0,0,0,0
917,-16,155,-2908,-13020,8272,0,0,0,6608,-273,440,-2540,-13264,8804,0,0,0,0,0,0,0,0,0,0,0,0
1897,-158,365,-2968,-13284,8660,0,0,0,7641,-491,595,-2672,-13292,8920,0,0,0,0,0,0,0,0,0,0,0,0
3053,-3724,623,-2332,-12416,10720,0,0,0,8742,-4481,801,-2072,-12364,11460,0,0,0,0,0,0,0,0,0,0,0,0
5301,-3947,592,-2324,-13052,8004,0,0,0,11022,-4080,725,-2124,-13196,8532,0,0,0,0,0,0,0,0,0,0,0,0
6046,-742,1183,-2728,-11808,9744,0,0,0,11820,-1009,1349,-2300,-11828,10220,0,0,0,0,0,0,0,0,0,0,0,0
6692,291,1395,-2708,-11188,11060,0,0,0,12551,-70,1550,-2380,-11304,11420,0,0,0,0,0,0,0,0,0,0,0,0
8509,-338,1464,-2988,-9684,11968,0,0,0,14356,-782,1546,-2560,-9740,12388,0,0,0,0,0,0,0,0,0,0,0,0
10127,-1242,2182,-2180,-7708,11852,0,0,0,16012,-1576,2289,-1544,-7832,12152,0,0,0,0,0,0,0,0,0,0,0,0
11180,-4267,3105,-1980,-6300,12964,0,0,0,17104,-4689,3082,-1416,-6256,13184,0,0,0,0,0,0,0,0,0,0,0,0
12205,1164,2830,-3048,-4432,13212,0,0,0,18146,805,2877,-2556,-4112,13736,0,0,0,0,0,0,0,0,0,0,0,0
9226,52,2681,-2696,-5272,17040,0,0,0,14943,-414,2738,-2100,-5468,18016,0,0,0,0,0,0,0,0,0,0,0,0
2056,504,470,-3144,-4144,18288,0,0,0,7579,121,649,-2488,-4284,19096,0,0,0,0,0,0,0,0,0,0,0,0
-1928,-3421,-750,-2532,-3688,16360,0,0,0,3574,-3722,-493,-1756,-3820,16784,0,0,0,0,0,0,0,0,0,0,0,0
-1719,-1288,-376,-1560,-3328,14744,0,0,0,3937,-1549,-52,-856,-3472,14856,0,0,0,0,0,0,0,0,0,0,0,0
-996,-457,466,-1948,-3476,14428,0,0,0,4698,-672,751,-1520,-3516,14676,0,0,0,0,0,0,0,0,0,0,0,0
-293,-1167,108,-1868,-3592,12852,0,0,0,5368,-1521,351,-1252,-3764,13144,0,0,0,0,0,0,0,0,0,0,0,0
-966,-1569,118,-1792,-4016,12572,0,0,0,4616,-1865,387,-1140,-4204,13076,0,0,0,0,0,0,0,0,0,0,0,0
-610,-264,197,-1120,-3892,16024,0,0,0,5111,-690,423,-636,-4072,16132,0,0,0,0,0,0,0,0,0,0,0,0
1197,411,-112,-2008,-3764,15800,0,0,0,6828,120,150,-1320,-4076,16288,0,0,0,0,0,0,0,0,0,0,0,0
2805,936,309,-1948,-4012,16532,0,0,0,8612,676,540,-1124,-4248,16484,0,0,0,0,0,0,0,0,0,0,0,0
5295,2746,1109,-2228,-2448,15572,0,0,0,11160,2459,1351,-1472,-2596,15912,0,0,0,0,0,0,0,0,0,0,0,0
2688,-2052,2120,-2296,-860,15116,0,0,0,8357,-2562,2338,-1408,-988,15784,0,0,0,0,0,0,0,0,0,0,0,0
2506,-1830,1981,-660,-1084,16572,0,0,0,8343,-2116,2057,-160,-1324,16768,0,0,0,0,0,0,0,0,0,0,0,0
2213,-268,970,-1088,-952,17408,0,0,0,7924,-627,1187,-320,-1156,18004,0,0,0,0,0,0,0,0,0,0,0,0
1567,-658,479,-1524,-652,17808,0,0,0,7205,-864,679,-1008,-948,18036,0,0,0,0,0,0,0,0,0,0,0,0
804,-1545,-32,-1312,-484,16768,0,0,0,6453,-1859,193,-500,-704,17052,0,0,0,0,0,0,0,0,0,0,0,0
956,-1656,-617,-1392,-280,16176,0,0,0,6586,-2029,-435,-772,-600,16540,0,0,0,0,0,0,0,0,0,0,0,0
277,-2523,-807,-272,-336,16700,0,0,0,5860,-2928,-586,804,-756,16956,0,0,0,0,0,0,0,0,0,0,0,0
1419,-1519,-1132,-52,-596,16116,0,0,0,7093,-1715,-894,696,-888,16440,0,0,0,0,0,0,0,0,0,0,0,0
1164,2378,-295,-672,-272,16844,0,0,0,6810,2053,-6,52,-416,17228,0,0,0,0,0,0,0,0,0,0,0,0
153,-1741,225,-1112,-168,16536,0,0,0,5807,-2183,436,-568,-456,17000,0,0,0,0,0,0,0,0,0,0,0,0
-24,-1751,-193,316,-8,15604,0,0,0,5643,-2060,69,1116,-252,15904,0,0,0,0,0,0,0,0,0,0,0,0
-1054,-660,532,-288,164,16172,0,0,0,4626,-836,795,384,-100,16524,0,0,0,0,0,0,0,0,0,0,0,0
509,367,-850,388,-340,16456,0,0,0,6162,-7,-563,972,-560,16368,0,0,0,0,0,0,0,0,0,0,0,0
952,836,-689,-564,-356,15420,0,0,0,6583,607,-437,252,-620,16048,0,0,0,0,0,0,0,0,0,0,0,0
101,-1538,-608,-160,84,16068,0,0,0,5682,-1684,-372,728,-156,16036,0,0,0,0,0,0,0,0,0,0,0,0
101,-790,-629,196,280,16716,0,0,0,5700,-1031,-368,956,44,16940,0,0,0,0,0,0,0,0,0,0,0,0
-393,1349,270,64,340,16008,0,0,0,5324,1180,641,780,24,16260,0,0,0,0,0,0,0,0,0,0,0,0
229,5385,921,-60,296,16424,0,0,0,6025,5311,1326,840,-28,16560,0,0,0,0,0,0,0,0,0,0,0,0
527,-979,419,-60,-28,15596,0,0,0,6237,-1448,629,560,-384,16040,0,0,0,0,0,0,0,0,0,0,0,0
-177,-518,-129,-1020,228,16024,0,0,0,5458,-601,186,-164,60,16500,0,0,0,0,0,0,0,0,0,0,0,0
-504,-1016,308,-784,176,15812,0,0,0,5180,-1326,538,-192,-80,16252,0,0,0,0,0,0,0,0,0,0,0,0
-39,-3034,-601,-972,268,16344,0,0,0,5539,-3296,-326,-240,96,16392,0,0,0,0,0,0,0,0,0,0,0,0
-1,-58,-514,68,212,16224,0,0,0,5607,-300,-250,696,-32,16400,0,0,0,0,0,0,0,0,0,0,0,0
137,-899,-322,-376,252,16072,0,0,0,5794,-1152,-63,484,-20,16244,0,0,0,0,0,0,0,0,0,0,0,0
234,-184,-951,-8,324,16124,0,0,0,5885,-403,-711,456,92,16292,0,0,0,0,0,0,0,0,0,0,0,0
248,-274,-479,116,388,16260,0,0,0,5837,-480,-193,1000,236,16668,0,0,0,0,0,0,0,0,0,0,0,0
-202,135,-373,100,456,16020,0,0,0,5402,-117,-70,868,264,16632,0,0,0,0,0,0,0,0,0,0,0,0
-256,97,-45,-4,740,16372,0,0,0,5358,-69,189,628,-64,16412,0,0,0,0,0,0,0,0,0,0,0,0
-400,260,-694,-396,376,16148,0,0,0,5237,55,-492,32,100,16320,0,0,0,0,0,0,0,0,0,0,0,0
29,-75,-3313,-936,108,16112,0,0,0,5420,-331,-3050,-192,24,16296,0,0,0,0,0,0,0,0,0,0,0,0
-176,54,-1273,1744,280,16136,0,0,0,5405,-201,-951,2696,-8,16440,0,0,0,0,0,0,0,0,0,0,0,0
-2210,1900,3524,1404,236,16496,0,0,0,3647,1762,4088,2740,-24,16792,0,0,0,0,0,0,0,0,0,0,0,0
-617,1915,368,-4012,-148,15704,0,0,0,5121,1536,367,-4488,-272,16004,0,0,0,0,0,0,0,0,0,0,0,0
977,-1060,-5578,-444,424,16764,0,0,0,6084,-933,-5112,888,124,17180,0,0,0,0,0,0,0,0,0,0,0,0
-926,1028,3166,3520,400,16220,0,0,0,4961,803,3634,4976,112,16396,0,0,0,0,0,0,0,0,0,0,0,0
-430,409,3194,-2000,368,15976,0,0,0,5494,228,3234,-2084,164,16532,0,0,0,0,0,0,0,0,0,0,0,0
766,-1568,-5951,-2068,-160,16020,0,0,0,5964,-1721,-5859,-1856,-316,16428,0,0,0,0,0,0,0,0,0,0,0,0
-98,-116,176,4440,-144,16496,0,0,0,5531,-302,700,6000,-560,16436,0,0,0,0,0,0,0,0,0,0,0,0
-517,971,5530,0,208,15472,0,0,0,5606,805,5704,-256,-140,16024,0,0,0,0,0,0,0,0,0,0,0,0
328,-288,-4043,-3108,252,15824,0,0,0,5765,-648,-4078,-3384,-224,15616,0,0,0,0,0,0,0,0,0,0,0,0
619,-273,-4116,2484,-44,16136,0,0,0,5988,-558,-3531,4492,-276,16340,0,0,0,0,0,0,0,0,0,0,0,0
-899,242,7296,1676,828,15728,0,0,0,5396,-99,7592,2316,448,15388,0,0,0,0,0,0,0,0,0,0,0,0
248,-661,-2833,-3128,20,15724,0,0,0,5763,-956,-2959,-3432,-176,15740,0,0,0,0,0,0,0,0,0,0,0,0
1077,-863,-6110,2072,364,16408,0,0,0,6248,-1045,-5419,4432,-48,16604,0,0,0,0,0,0,0,0,0,0,0,0
-2373,998,8066,2004,1472,16524,0,0,0,3803,582,8539,3036,1212,17176,0,0,0,0,0,0,0,0,0,0,0,0
1887,-1656,-3047,-3112,-440,15560,0,0,0,7403,-2036,-3146,-3372,-696,15596,0,0,0,0,0,0,0,0,0,0,0,0
-179,50,-3605,3228,696,15932,0,0,0,5233,-208,-2754,5856,420,16112,0,0,0,0,0,0,0,0,0,0,0,0
-2776,1674,6974,736,692,15788,0,0,0,3363,1386,7244,1000,216,16376,0,0,0,0,0,0,0,0,0,0,0,0
2630,-1771,-5019,-2968,-448,15552,0,0,0,7997,-2084,-5203,-3676,-596,15736,0,0,0,0,0,0,0,0,0,0,0,0
-430,135,-376,3576,1056,16388,0,0,0,5187,-79,383,5732,860,16600,0,0,0,0,0,0,0,0,0,0,0,0
-2148,1143,6908,-588,144,15572,0,0,0,4174,798,7131,-364,-112,15476,0,0,0,0,0,0,0,0,0,0,0,0
2573,-1455,-6431,-2176,52,16312,0,0,0,7647,-1460,-6494,-2144,92,16764,0,0,0,0,0,0,0,0,0,0,0,0
-439,-16,680,3028,1196,16548,0,0,0,5330,-222,1159,3804,584,16208,0,0,0,0,0,0,0,0,0,0,0,0
-364,168,6341,-932,352,15400,0,0,0,5837,-148,6343,-924,-36,15568,0,0,0,0,0,0,0,0,0,0,0,0
166,-137,-4882,-2752,-20,16052,0,0,0,5441,-340,-4999,-3364,-244,16348,0,0,0,0,0,0,0,0,0,0,0,0
-73,-25,-1071,2656,932,16316,0,0,0,5495,-304,-428,4532,732,16304,0,0,0,0,0,0,0,0,0,0,0,0
-766,266,8101,940,1300,15760,0,0,0,5426,-82,8271,1160,1180,16836,0,0,0,0,0,0,0,0,0,0,0,0
-246,61,-4872,-3548,-40,16532,0,0,0,4954,-177,-5191,-5144,-300,17236,0,0,0,0,0,0,0,0,0,0,0,0
1650,-1484,-3200,4004,400,15236,0,0,0,7336,-1916,-2321,6648,256,14428,0,0,0,0,0,0,0,0,0,0,0,0
-775,244,10032,-1176,136,16172,0,0,0,5574,-44,9963,-1660,-192,16788,0,0,0,0,0,0,0,0,0,0,0,0
372,139,-7623,-2644,16,15812,0,0,0,5538,-80,-7666,-2868,184,15960,0,0,0,0,0,0,0,0,0,0,0,0
-39,-106,-1887,2884,1108,16252,0,0,0,5510,-280,-1199,4960,944,16448,0,0,0,0,0,0,0,0,0,0,0,0
-565,63,8451,260,1000,15992,0,0,0,5703,-185,8589,564,616,16156,0,0,0,0,0,0,0,0,0,0,0,0
148,-136,-2666,-1404,144,16172,0,0,0,5625,-399,-2833,-2720,-44,16248,0,0,0,0,0,0,0,0,0,0,0,0
127,-43,-4369,2532,672,16052,0,0,0,5449,-307,-3618,4808,424,16328,0,0,0,0,0,0,0,0,0,0,0,0
-684,67,8678,2216,2000,16036,0,0,0,5591,-215,9078,3148,1868,16256,0,0,0,0,0,0,0,0,0,0,0,0
223,-204,-1810,-1060,584,16020,0,0,0,5713,-430,-1741,-972,240,16548,0,0,0,0,0,0,0,0,0,0,0,0
156,-46,-5419,1520,764,16376,0,0,0,5405,-273,-4787,3516,428,16476,0,0,0,0,0,0,0,0,0,0,0,0
-522,138,6754,3088,1572,16264,0,0,0,5629,-186,7464,5220,1396,16504,0,0,0,0,0,0,0,0,0,0,0,0
134,121,-1268,-1960,-680,15572,0,0,0,5740,-195,-1160,-1124,-184,16000,0,0,0,0,0,0,0,0,0,0,0,0
245,-41,-7823,980,440,16076,0,0,0,5333,-235,-7214,2652,252,16160,0,0,0,0,0,0,0,0,0,0,0,0
-377,208,4673,2904,952,16212,0,0,0,5651,-152,5556,5348,860,16360,0,0,0,0,0,0,0,0,0,0,0,0
-298,70,3541,-2760,-836,15776,0,0,0,5620,-201,3384,-3348,-1020,16104,0,0,0,0,0,0,0,0,0,0,0,0
299,-202,-8127,-932,496,15996,0,0,0,5374,-395,-7900,-452,432,16264,0,0,0,0,0,0,0,0,0,0,0,0
-229,-196,818,660,288,16068,0,0,0,5453,-381,1122,1424,244,16316,0,0,0,0,0,0,0,0,0,0,0,0
-116,32,6526,-644,484,16292,0,0,0,6016,-256,6524,-652,356,16560,0,0,0,0,0,0,0,0,0,0,0,0
-393,280,-2419,-684,556,16276,0,0,0,5046,82,-2329,-652,428,16808,0,0,0,0,0,0,0,0,0,0,0,0
-136,-2,-3625,2344,728,15980,0,0,0,5264,-353,-2840,4652,372,16316,0,0,0,0,0,0,0,0,0,0,0,0
-1233,350,8800,2084,2068,16192,0,0,0,5036,53,9243,3208,1736,16704,0,0,0,0,0,0,0,0,0,0,0,0
635,-522,-2273,-996,524,16356,0,0,0,6107,-899,-2328,-1512,432,16460,0,0,0,0,0,0,0,0,0,0,0,0
-20,-40,-6087,2640,1088,16408,0,0,0,5150,-251,-5275,4936,720,16616,0,0,0,0,0,0,0,0,0,0,0,0
-776,-182,8396,2100,1372,16348,0,0,0,5515,-469,8877,3516,1348,16528,0,0,0,0,0,0,0,0,0,0,0,0
135,191,-1947,-892,308,16048,0,0,0,5636,-167,-1796,-412,300,16416,0,0,0,0,0,0,0,0,0,0,0,0
287,35,-6978,2068,888,16148,0,0,0,5452,-259,-6267,4352,744,16448,0,0,0,0,0,0,0,0,0,0,0,0
-604,181,7538,3260,1252,16136,0,0,0,5648,-134,8293,5536,1168,16220,0,0,0,0,0,0,0,0,0,0,0,0
426,-183,206,-4580,172,16128,0,0,0,6025,-384,-193,-5600,176,16872,0,0,0,0,0,0,0,0,0,0,0,0
469,-77,-11295,532,1328,15964,0,0,0,5303,-295,-10792,1908,996,16616,0,0,0,0,0,0,0,0,0,0,0,0
-512,326,2960,2648,736,16072,0,0,0,5295,367,3746,5476,688,16508,0,0,0,0,0,0,0,0,0,0,0,0
-87,55,4039,-2956,-908,15864,0,0,0,5852,-233,3778,-4144,-1084,16492,0,0,0,0,0,0,0,0,0,0,0,0
509,-133,-9490,-1136,560,16112,0,0,0,5479,-267,-9228,-612,428,16424,0,0,0,0,0,0,0,0,0,0,0,0
-327,-493,1891,1200,624,16228,0,0,0,5430,-694,2238,2348,468,16680,0,0,0,0,0,0,0,0,0,0,0,0
-392,133,7424,-2016,-156,15980,0,0,0,5846,-141,7253,-2836,-508,16008,0,0,0,0,0,0,0,0,0,0,0,0
447,-34,-7880,-2020,432,16080,0,0,0,5513,-277,-7845,-2012,388,16208,0,0,0,0,0,0,0,0,0,0,0,0
-304,-348,1472,1028,184,15908,0,0,0,5449,-542,1880,2332,48,16352,0,0,0,0,0,0,0,0,0,0,0,0
-62,-133,610,-1600,588,15948,0,0,0,5594,-379,457,-2276,192,16436,0,0,0,0,0,0,0,0,0,0,0,0
-152,-65,-878,180,588,16128,0,0,0,5449,-327,-602,1060,248,16280,0,0,0,0,0,0,0,0,0,0,0,0
173,-530,-1844,-288,288,16080,0,0,0,5705,-771,-1634,456,132,16580,0,0,0,0,0,0,0,0,0,0,0,0
57,-232,221,352,660,16188,0,0,0,5707,-541,495,1004,384,16368,0,0,0,0,0,0,0,0,0,0,0,0
-10,63,33,180,540,16072,0,0,0,5690,-207,285,792,360,15960,0,0,0,0,0,0,0,0,0,0,0,0
-147,10,-161,208,720,16084,0,0,0,5526,-253,135,1112,492,16140,0,0,0,0,0,0,0,0,0,0,0,0
-133,12,-210,360,756,16068,0,0,0,5532,-275,79,984,352,16308,0,0,0,0,0,0,0,0,0,0,0,0
-137,-5,-207,304,700,16084,0,0,0,5486,-272,65,1032,504,16408,0,0,0,0,0,0,0,0,0,0,0,0
-136,-3,-198,292,744,16168,0,0,0,5521,-267,51,1012,440,16288,0,0,0,0,0,0,0,0,0,0,0,0
-120,21,-238,200,604,16132,0,0,0,5513,-254,42,1052,472,16460,0,0,0,0,0,0,0,0,0,0,0,0
-125,14,-224,264,640,15976,0,0,0,5503,-269,58,952,456,16240,0,0,0,0,0,0,0,0,0,0,0,0
-109,2,-234,348,680,16100,0,0,0,5513,-263,75,1020,452,16292,0,0,0,0,0,0,0,0,0,0,0,0
-118,5,-225,232,720,16100,0,0,0,5525,-257,65,976,396,16248,0,0,0,0,0,0,0,0,0,0,0,0
-121,15,-232,208,604,16044,0,0,0,5508,-264,50,1020,500,16408,0,0,0,0,0,0,0,0,0,0,0,0
-123,-10,-238,320,704,16176,0,0,0,5498,-276,57,1020,460,16488,0,0,0,0,0,0,0,0,0,0,0,0
-127,-2,-229,252,632,16080,0,0,0,5528,-282,75,896,372,16304,0,0,0,0,0,0,0,0,0,0,0,0
-143,23,-240,236,668,16052,0,0,0,5518,-258,60,992,416,16476,0,0,0,0,0,0,0,0,0,0,0,0
-119,8,-224,204,660,16084,0,0,0,5515,-270,62,1112,304,16364,0,0,0,0,0,0,0,0,0,0,0,0
-140,23,-230,284,620,15956,0,0,0,5509,-266,42,1056,528,16440,0,0,0,0,0,0,0,0,0,0,0,0
-112,8,-231,212,656,16008,0,0,0,5531,-249,63,1028,372,16336,0,0,0,0,0,0,0,0,0,0,0,0
-136,29,-222,280,632,16088,0,0,0,5513,-276,60,1040,484,16252,0,0,0,0,0,0,0,0,0,0,0,0
-128,3,-212,284,628,16128,0,0,0,5515,-234,56,996,432,16268,0,0,0,0,0,0,0,0,0,0,0,0
-101,8,-206,204,560,16052,0,0,0,5488,-263,82,972,536,16324,0,0,0,0,0,0,0,0,0,0,0,0
-114,-3,-228,232,632,16020,0,0,0,5501,-261,41,984,536,16352,0,0,0,0,0,0,0,0,0,0,0,0
-132,1,-231,304,624,16200,0,0,0,5515,-274,47,1008,484,16288,0,0,0,0,0,0,0,0,0,0,0,0
-141,5,-254,328,656,15988,0,0,0,5511,-270,64,964,420,16488,0,0,0,0,0,0,0,0,0,0,0,0
-114,1,-225,368,656,16196,0,0,0,5519,-262,49,924,464,16448,0,0,0,0,0,0,0,0,0,0,0,0
-118,1,-218,308,688,16108,0,0,0,5533,-245,43,1004,360,16368,0,0,0,0,0,0,0,0,0,0,0,0
-132,6,-219,280,660,15928,0,0,0,5505,-277,68,972,444,16376,0,0,0,0,0,0,0,0,0,0,0,0
-140,1,-228,308,668,16036,0,0,0,5515,-257,53,1084,440,16288,0,0,0,0,0,0,0,0,0,0,0,0
-133,12,-217,344,716,16056,0,0,0,5482,-267,27,992,404,16376,0,0,0,0,0,0,0,0,0,0,0,0
-144,11,-236,304,684,16120,0,0,0,5509,-264,40,1004,384,16400,0,0,0,0,0,0,0,0,0,0,0,0
-118,4,-226,336,636,15908,0,0,0,5531,-247,38,896,500,16404,0,0,0,0,0,0,0,0,0,0,0,0
-116,4,-227,300,692,15956,0,0,0,5523,-263,38,928,456,16300,0,0,0,0,0,0,0,0,0,0,0,0
-141,11,-227,276,660,15956,0,0,0,5495,-265,55,1080,516,16316,0,0,0,0,0,0,0,0,0,0,0,0
-140,4,-227,300,752,15996,0,0,0,5492,-244,31,1024,380,16440,0,0,0,0,0,0,0,0,0,0,0,0
-151,17,-206,168,684,16036,0,0,0,5476,-255,62,980,452,16388,0,0,0,0,0,0,0,0,0,0,0,0
-137,10,-222,136,644,16068,0,0,0,5501,-260,56,1020,416,16352,0,0,0,0,0,0,0,0,0,0,0,0
-130,-1,-219,324,636,16104,0,0,0,5504,-244,55,1096,524,16288,0,0,0,0,0,0,0,0,0,0,0,0
-123,26,-200,268,700,15956,0,0,0,5499,-253,61,1128,476,16292,0,0,0,0,0,0,0,0,0,0,0,0
-139,-22,-224,316,656,16140,0,0,0,5507,-282,42,1008,432,16400,0,0,0,0,0,0,0,0,0,0,0,0
-134,5,-221,292,704,16100,0,0,0,5523,-258,52,1008,508,16412,0,0,0,0,0,0,0,0,0,0,0,0
-130,-2,-222,324,760,16104,0,0,0,5503,-270,49,948,384,16392,0,0,0,0,0,0,0,0,0,0,0,0
-149,1,-228,240,660,15984,0,0,0,5491,-277,39,1100,512,16240,0,0,0,0,0,0,0,0,0,0,0,0
-155,4,-223,332,660,16176,0,0,0,5508,-254,43,872,384,16336,0,0,0,0,0,0,0,0,0,0,0,0
-123,-2,-238,228,744,16064,0,0,0,5500,-254,46,964,408,16460,0,0,0,0,0,0,0,0,0,0,0,0
-115,8,-229,316,752,16048,0,0,0,5531,-249,39,1056,408,16392,0,0,0,0,0,0,0,0,0,0,0,0
-127,10,-234,252,752,15896,0,0,0,5487,-307,70,980,444,16332,0,0,0,0,0,0,0,0,0,0,0,0
-151,-8,-211,236,628,16124,0,0,0,5523,-252,68,984,408,16320,0,0,0,0,0,0,0,0,0,0,0,0
-130,11,-232,300,672,16068,0,0,0,5520,-251,45,1024,480,16292,0,0,0,0,0,0,0,0,0,0,0,0
-118,-8,-225,308,800,16096,0,0,0,5496,-275,70,1080,368,16184,0,0,0,0,0,0,0,0,0,0,0,0
-119,33,-217,272,724,16208,0,0,0,5523,-277,64,1004,384,16408,0,0,0,0,0,0,0,0,0,0,0,0
-131,3,-231,284,648,16020,0,0,0,5510,-239,56,956,452,16252,0,0,0,0,0,0,0,0,0,0,0,0
-121,-5,-224,208,692,16064,0,0,0,5531,-276,63,960,364,16332,0,0,0,0,0,0,0,0,0,0,0,0
-118,-1,-214,268,692,16032,0,0,0,5496,-234,52,940,348,16308,0,0,0,0,0,0,0,0,0,0,0,0
-136,17,-228,256,716,16116,0,0,0,5516,-236,42,1144,476,16392,0,0,0,0,0,0,0,0,0,0,0,0
-115,1,-225,240,664,15960,0,0,0,5517,-262,44,996,364,16352,0,0,0,0,0,0,0,0,0,0,0,0
-111,-6,-213,328,612,16024,0,0,0,5510,-261,44,1004,436,16300,0,0,0,0,0,0,0,0,0,0,0,0
-128,8,-213,248,728,16080,0,0,0,5536,-263,63,916,512,16384,0,0,0,0,0,0,0,0,0,0,0,0
-96,8,-211,272,632,16052,0,0,0,5530,-250,54,972,388,16336,0,0,0,0,0,0,0,0,0,0,0,0
-121,-2,-231,328,688,16072,0,0,0,5502,-261,66,988,416,16456,0,0,0,0,0,0,0,0,0,0,0,0
-139,-20,-230,320,620,15984,0,0,0,5534,-263,36,1008,380,16212,0,0,0,0,0,0,0,0,0,0,0,0
-141,15,-231,316,716,16120,0,0,0,5503,-266,74,1008,444,16304,0,0,0,0,0,0,0,0,0,0,0,0
-137,-8,-237,272,636,16068,0,0,0,5513,-262,54,960,508,16264,0,0,0,0,0,0,0,0,0,0,0,0
-122,3,-236,296,732,15988,0,0,0,5485,-247,57,1020,496,16396,0,0,0,0,0,0,0,0,0,0,0,0
-125,-10,-227,232,636,16036,0,0,0,5516,-269,56,1000,468,16352,0,0,0,0,0,0,0,0,0,0,0,0
-116,-3,-241,352,636,16036,0,0,0,5527,-265,52,896,428,16312,0,0,0,0,0,0,0,0,0,0,0,0
-128,-13,-237,340,716,16104,0,0,0,5512,-282,54,988,328,16368,0,0,0,0,0,0,0,0,0,0,0,0
-144,3,-231,328,688,15988,0,0,0,5526,-253,60,1020,520,16432,0,0,0,0,0,0,0,0,0,0,0,0
-155,5,-226,336,660,16172,0,0,0,5520,-273,70,988,444,16292,0,0,0,0,0,0,0,0,0,0,0,0
-138,4,-241,308,676,16092,0,0,0,5532,-266,50,936,408,16404,0,0,0,0,0,0,0,0,0,0,0,0
-132,44,-241,320,720,16060,0,0,0,5516,-259,57,1008,548,16264,0,0,0,0,0,0,0,0,0,0,0,0
-124,4,-232,232,732,16160,0,0,0,5504,-262,69,1096,420,16264,0,0,0,0,0,0,0,0,0,0,0,0
-99,34,-222,396,660,16044,0,0,0,5540,-234,59,952,444,16564,0,0,0,0,0,0,0,0,0,0,0,0
-123,3,-234,352,756,16112,0,0,0,5497,-251,54,1036,464,16448,0,0,0,0,0,0,0,0,0,0,0,0
-143,17,-248,260,684,16052,0,0,0,5512,-278,60,1000,392,16240,0,0,0,0,0,0,0,0,0,0,0,0
-140,18,-206,272,672,16060,0,0,0,5515,-266,64,992,520,16252,0,0,0,0,0,0,0,0,0,0,0,0
-136,15,-228,324,628,15972,0,0,0,5524,-264,40,980,420,16340,0,0,0,0,0,0,0,0,0,0,0,0
-133,1,-239,308,696,16060,0,0,0,5505,-255,65,996,428,16424,0,0,0,0,0,0,0,0,0,0,0,0
-152,1,-217,244,652,16104,0,0,0,5511,-258,33,936,376,16240,0,0,0,0,0,0,0,0,0,0,0,0
-108,10,-225,212,748,16048,0,0,0,5495,-277,64,1040,424,16432,0,0,0,0,0,0,0,0,0,0,0,0
-120,5,-214,368,624,16060,0,0,0,5509,-231,47,936,396,16336,0,0,0,0,0,0,0,0,0,0,0,0
-116,18,-225,252,688,16104,0,0,0,5481,-255,75,992,448,16388,0,0,0,0,0,0,0,0,0,0,0,0
-123,6,-211,336,744,16044,0,0,0,5509,-294,48,1068,400,16460,0,0,0,0,0,0,0,0,0,0,0,0
-124,7,-232,264,704,16144,0,0,0,5515,-247,61,976,452,16392,0,0,0,0,0,0,0,0,0,0,0,0
-159,-4,-217,180,668,16044,0,0,0,5521,-259,66,992,444,16424,0,0,0,0,0,0,0,0,0,0,0,0
-126,-10,-222,368,692,16040,0,0,0,5516,-254,62,988,428,16292,0,0,0,0,0,0,0,0,0,0,0,0
-149,-3,-223,428,592,15892,0,0,0,5495,-248,53,1000,436,16256,0,0,0,0,0,0,0,0,0,0,0,0
-104,6,-241,196,764,16020,0,0,0,5503,-270,50,1060,416,16340,0,0,0,0,0,0,0,0,0,0,0,0
-136,-6,-215,276,748,15988,0,0,0,5501,-269,66,1024,412,16352,0,0,0,0,0,0,0,0,0,0,0,0
-144,4,-227,308,736,16088,0,0,0,5490,-267,70,916,396,16452,0,0,0,0,0,0,0,0,0,0,0,0
-133,11,-229,276,816,16076,0,0,0,5495,-257,54,1028,496,16396,0,0,0,0,0,0,0,0,0,0,0,0
-113,-2,-223,248,660,15984,0,0,0,5513,-261,69,1096,424,16300,0,0,0,0,0,0,0,0,0,0,0,0
-119,1,-215,296,752,16148,0,0,0,5526,-262,43,1052,472,16452,0,0,0,0,0,0,0,0,0,0,0,0
-115,-1,-238,244,604,16032,0,0,0,5523,-268,50,992,416,16452,0,0,0,0,0,0,0,0,0,0,0,0
-145,9,-219,196,672,16036,0,0,0,5499,-251,72,1048,496,16340,0,0,0,0,0,0,0,0,0,0,0,0
-129,10,-229,324,664,16040,0,0,0,5503,-270,56,988,400,16440,0,0,0,0,0,0,0,0,0,0,0,0
-124,7,-220,312,696,16104,0,0,0,5510,-270,65,872,436,16404,0,0,0,0,0,0,0,0,0,0,0,0
-113,-14,-221,344,700,16140,0,0,0,5503,-283,39,896,408,16276,0,0,0,0,0,0,0,0,0,0,0,0
-123,29,-226,292,716,16008,0,0,0,5530,-281,70,1040,416,16256,0,0,0,0,0,0,0,0,0,0,0,0
-142,1,-215,208,720,15988,0,0,0,5477,-273,57,984,400,16376,0,0,0,0,0,0,0,0,0,0,0,0
-126,-2,-207,156,640,16032,0,0,0,5502,-257,60,1012,468,16604,0,0,0,0,0,0,0,0,0,0,0,0
-140,3,-226,340,708,16004,0,0,0,5496,-243,61,1044,420,16260,0,0,0,0,0,0,0,0,0,0,0,0
-140,-4,-196,344,564,16004,0,0,0,5481,-260,44,1024,452,16508,0,0,0,0,0,0,0,0,0,0,0,0
-138,16,-243,360,644,16156,0,0,0,5496,-236,46,1000,384,16328,0,0,0,0,0,0,0,0,0,0,0,0
-122,-3,-224,256,728,16012,0,0,0,5507,-245,56,988,464,16492,0,0,0,0,0,0,0,0,0,0,0,0
-119,11,-228,216,724,16236,0,0,0,5524,-245,51,1012,324,16300,0,0,0,0,0,0,0,0,0,0,0,0
-132,22,-218,220,664,16040,0,0,0,5494,-270,56,1000,448,16344,0,0,0,0,0,0,0,0,0,0,0,0
-133,15,-235,424,652,16008,0,0,0,5519,-252,55,1084,516,16524,0,0,0,0,0,0,0,0,0,0,0,0
-133,5,-235,360,648,15904,0,0,0,5513,-264,51,972,488,16196,0,0,0,0,0,0,0,0,0,0,0,0
-132,12,-211,180,692,16016,0,0,0,5488,-273,40,884,420,16400,0,0,0,0,0,0,0,0,0,0,0,0
-134,1,-240,324,644,16084,0,0,0,5514,-263,69,1044,424,16420,0,0,0,0,0,0,0,0,0,0,0,0
-140,-5,-240,284,672,16056,0,0,0,5512,-260,30,1068,376,16244,0,0,0,0,0,0,0,0,0,0,0,0
-130,7,-231,232,608,15996,0,0,0,5504,-265,56,980,348,16424,0,0,0,0,0,0,0,0,0,0,0,0
-147,16,-242,336,680,15964,0,0,0,5524,-280,49,1120,424,16224,0,0,0,0,0,0,0,0,0,0,0,0
-126,17,-245,228,640,16024,0,0,0,5533,-257,49,1024,428,16348,0,0,0,0,0,0,0,0,0,0,0,0
-117,-8,-207,176,680,16072,0,0,0,5503,-244,58,1092,408,16476,0,0,0,0,0,0,0,0,0,0,0,0
-146,8,-234,236,664,16124,0,0,0,5489,-261,55,1060,416,16424,0,0,0,0,0,0,0,0,0,0,0,0
-147,-17,-205,128,476,16232,0,0,0,5523,-280,70,1096,432,16648,0,0,0,0,0,0,0,0,0,0,0,0
-112,-2,-216,316,716,16192,0,0,0,5515,-248,46,984,432,16516,0,0,0,0,0,0,0,0,0,0,0,0
-136,0,-223,332,704,16104,0,0,0,5487,-282,40,940,532,16320,0,0,0,0,0,0,0,0,0,0,0,0
-124,15,-231,224,580,16080,0,0,0,5488,-292,56,852,328,16276,0,0,0,0,0,0,0,0,0,0,0,0
-133,13,-220,296,600,16068,0,0,0,5505,-251,64,920,344,16296,0,0,0,0,0,0,0,0,0,0,0,0
-128,12,-230,188,668,16084,0,0,0,5509,-256,57,1036,404,16460,0,0,0,0,0,0,0,0,0,0,0,0
-124,0,-239,336,728,16028,0,0,0,5509,-244,62,996,384,16344,0,0,0,0,0,0,0,0,0,0,0,0
-138,2,-212,356,728,15956,0,0,0,5512,-287,68,968,364,16412,0,0,0,0,0,0,0,0,0,0,0,0
-137,-11,-231,320,740,16052,0,0,0,5487,-263,78,920,444,16516,0,0,0,0,0,0,0,0,0,0,0,0
-151,4,-226,216,692,16016,0,0,0,5520,-256,55,1004,396,16372,0,0,0,0,0,0,0,0,0,0,0,0
-121,14,-216,312,680,16032,0,0,0,5516,-251,58,976,428,16468,0,0,0,0,0,0,0,0,0,0,0,0
-133,-2,-234,256,680,16092,0,0,0,5526,-262,60,1020,536,16304,0,0,0,0,0,0,0,0,0,0,0,0
-129,24,-233,304,660,16176,0,0,0,5518,-234,54,984,396,16280,0,0,0,0,0,0,0,0,0,0,0,0
-125,-6,-223,240,728,16120,0,0,0,5502,-264,43,916,320,16444,0,0,0,0,0,0,0,0,0,0,0,0
-127,19,-232,296,680,16100,0,0,0,5505,-263,59,992,540,16488,0,0,0,0,0,0,0,0,0,0,0,0
-136,4,-238,328,676,15948,0,0,0,5498,-266,59,956,480,16292,0,0,0,0,0,0,0,0,0,0,0,0
-111,18,-227,348,684,16036,0,0,0,5500,-252,64,972,368,16348,0,0,0,0,0,0,0,0,0,0,0,0
-112,-16,-228,316,628,16108,0,0,0,5480,-249,40,1020,460,16432,0,0,0,0,0,0,0,0,0,0,0,0
-113,-6,-201,268,780,15952,0,0,0,5525,-249,54,1028,428,16304,0,0,0,0,0,0,0,0,0,0,0,0
-134,-4,-229,292,744,16012,0,0,0,5491,-262,53,1060,440,16408,0,0,0,0,0,0,0,0,0,0,0,0
-116,6,-227,308,692,16020,0,0,0,5516,-273,52,968,428,16420,0,0,0,0,0,0,0,0,0,0,0,0
-140,-7,-215,368,736,15992,0,0,0,5509,-249,52,992,480,16320,0,0,0,0,0,0,0,0,0,0,0,0
-128,0,-235,372,696,16212,0,0,0,5516,-249,26,876,436,16360,0,0,0,0,0,0,0,0,0,0,0,0
-127,-6,-238,244,636,16276,0,0,0,5469,-292,47,972,352,16532,0,0,0,0,0,0,0,0,0,0,0,0
-133,10,-219,280,748,15996,0,0,0,5485,-287,60,1048,452,16532,0,0,0,0,0,0,0,0,0,0,0,0
-134,4,-214,196,716,16040,0,0,0,5539,-261,58,1000,440,16324,0,0,0,0,0,0,0,0,0,0,0,0
